player_id;player_name;team_id;position;matches_played;matches_started;minutes_played;goals;assists;shots;shots_on_target;yellow_cards;red_cards;penalty_goals;own_goals;clean_sheets;saves;goals_conceded;;average_rating
1;JosŽ Raœl Rangel;1;GK;5;5;438;0;0;0;;0;0;0;0;4;7;3;;7.2
2;Jorge Eduardo Sanchez;1;DEF;4;4;349;0;1;1;;1;0;0;0;;;;;6.68
3;CŽsar Jasib Montes;1;DEF;4;4;315;0;0;1;;0;1;0;0;;;;;7.05
4;Edson Omar Alvarez;1;DEF;4;2;239;0;0;2;;1;0;0;0;;;;;7.08
5;Johan Felipe Vasquez;1;DEF;4;4;360;0;0;1;;1;0;0;0;;;;;7.08
6;Erik Antonio Lira;1;MID;4;4;346;0;1;0;;0;0;0;0;;;;;7.03
7;Luis Francisco Romo;1;MID;4;4;268;1;1;3;;0;0;0;0;;;;;6.9
8;çlvaro Fidalgo;1;MID;3;1;95;1;0;3;;0;0;0;0;;;;;7.3
9;Raœl Alonso Jimenez;1;FWD;4;4;319;3;0;18;;0;0;1;0;;;;;7.2
10;Ernesto Alexis Vega;1;FWD;1;0;11;0;0;0;;0;0;0;0;;;;;6.4
11;Santiago Tom‡s Gimenez;1;FWD;4;0;83;0;0;2;;0;0;0;0;;;;;6.55
12;Carlos Acevedo;1;GK;0;0;0;;;;;;;0;0;0;0;0;;
13;Francisco Guillermo Ochoa;1;GK;1;0;12;0;0;0;;0;0;0;0;0;0;0;;6.5
14;Armando Gonzalez;1;FWD;1;0;14;0;0;0;;0;0;0;0;;;;;6.2
15;Israel Reyes;1;DEF;4;2;200;0;0;2;;0;0;0;0;;;;;7.03
16;Juli‡n AndrŽs Quinones;1;FWD;5;5;414;4;1;14;;0;0;0;0;;;;;7.72
17;Orbel’n Pineda;1;MID;2;0;29;0;0;1;;0;0;0;0;;;;;6.35
18;Obed GomŽz Vargas;1;MID;3;0;63;0;0;1;;0;0;0;0;;;;;6.67
19;Gilberto Rafael Mora;1;MID;4;3;216;0;0;5;;0;0;0;0;;;;;6.6
20;Mateo Chavez;1;DEF;1;1;78;1;0;1;;0;0;0;0;;;;;8.1
21;CŽsar Saœl Huerta;1;FWD;1;0;6;0;0;0;;0;0;0;0;;;;;6.6
22;Guillermo Martinez;1;FWD;2;1;72;0;0;0;;0;0;0;0;;;;;6.2
23;Jesœs Daniel Gallardo;1;DEF;5;4;372;0;0;4;;0;0;0;0;;;;;6.72
24;Luis Gerardo Chavez;1;MID;1;0;24;0;0;0;;0;0;0;0;;;;;6.8
25;Roberto Carlos Alvarado;1;FWD;5;5;430;0;3;5;;0;0;0;0;;;;;7.34
26;Brian Gutierrez;1;MID;4;2;197;0;0;6;;1;0;0;0;;;;;6.9
27;Ronwen Hayden Williams;2;GK;4;4;360;0;0;0;;0;0;0;0;1;17;4;;7.15
28;Tholo Thabang Matuludi;2;DEF;0;0;0;;;;;;;0;0;;;;;
29;Khulumani Ndamane;2;DEF;0;0;0;;;;;;;0;0;;;;;
30;Teboho Mokoena;2;MID;3;3;270;1;0;4;;2;0;1;0;;;;;7.07
31;Thalente Wandile Mbatha;2;MID;4;2;258;0;0;4;;1;0;0;0;;;;;6.58
32;Aubrey Maphosa Modiba;2;DEF;4;4;346;0;0;5;;1;0;0;0;;;;;7.08
33;Oswin Reagan Appollis;2;FWD;4;3;256;0;0;4;;0;0;0;0;;;;;6.68
34;Tshepang Moremi;2;FWD;2;0;32;0;1;0;;0;0;0;0;;;;;6.9
35;Lyle Brent Foster;2;FWD;1;1;56;0;0;1;;0;0;0;0;;;;;5.9
36;Relebohile Mofokeng;2;FWD;3;2;170;0;0;3;;0;0;0;0;;;;;6.77
37;Themba Zwane;2;MID;1;0;29;0;0;0;;0;1;0;0;;;;;5.3
38;Thapelo Maseko;2;FWD;3;3;245;1;0;8;;0;0;0;0;;;;;7
39;Sphephelo S'miso Sithole;2;MID;3;3;270;0;0;;;0;1;0;0;;;;;
40;Mbekezeli Mfanufikile Mbokazi;2;DEF;4;4;360;0;0;4;;0;0;0;0;;;;;6.9
41;Iqraam Rayners;2;FWD;4;2;161;0;0;1;;0;0;0;0;;;;;6.28
42;Sipho Justin Chaine;2;GK;0;0;0;;;;;;;0;0;0;0;0;;
43;Sekotori Evidence Makgopa;2;FWD;4;2;214;0;0;4;;0;0;0;0;;;;;6.68
44;Samukele Alucious Kabini;2;DEF;0;0;0;;;;;;;0;0;;;;;
45;Nkosinathi Emmanuel Sibisi;2;DEF;1;1;90;0;0;0;;1;0;0;0;;;;;6
46;Khuliso Johnson Mudau;2;DEF;4;4;360;0;0;0;;0;0;0;0;;;;;6.83
47;Ime Daniel Okon;2;DEF;4;4;360;0;0;1;;0;0;0;0;;;;;6.8
48;Stuart Ricardo Goss;2;GK;0;0;0;;;;;;;0;0;0;0;0;;
49;Jayden Oswin Adams;2;MID;3;2;117;0;0;0;;0;0;0;0;;;;;6.53
50;Olwethu Mpilwenhle Makhanya;2;DEF;0;0;0;;;;;;;0;0;;;;;
51;Kamogelo Michael Sebelebele;2;FWD;1;0;6;0;0;0;;0;0;0;0;;;;;6.4
52;Bradley Paul Cross;2;DEF;0;0;0;;;;;;;0;0;;;;;
53;Seunggyu Kim;3;GK;3;3;270;0;0;;;0;0;0;0;0;8;3;;
54;Hanbeom Lee;3;DEF;3;3;270;0;0;2;;0;0;0;0;;;;;6.73
55;Gihyuk Lee;3;MID;3;3;270;0;0;0;;1;0;0;0;;;;;7.13
56;Minjae Kim;3;DEF;3;3;245;0;0;1;;0;0;0;0;;;;;6.87
57;Taehyeon Kim;3;DEF;0;0;0;;;;;;;0;0;;;;;
58;Inbeom Hwang;3;MID;3;3;264;1;1;;;0;0;0;0;;;;;
59;Heung Min Son;3;FWD;3;2;170;0;0;7;;0;0;0;0;;;;;6.7
60;Seungho Paik;3;MID;3;3;207;0;0;0;;1;0;0;0;;;;;6.67
61;Guesung Cho;3;FWD;2;0;29;0;0;2;;1;0;0;0;;;;;6.15
62;Jae Sung Lee;3;MID;2;2;119;0;0;2;;0;0;0;0;;;;;6.8
63;Hee Chan Hwang;3;MID;3;1;107;0;0;;;0;0;0;0;;;;;
64;Bumkeun Song;3;GK;0;0;0;;;;;;;0;0;0;0;0;;
65;Taeseok Lee;3;DEF;2;2;115;0;0;0;;0;0;0;0;;;;;7.1
66;Wije Cho;3;DEF;0;0;0;;;;;;;0;0;;;;;
67;Moonhwan Kim;3;DEF;1;1;71;0;0;0;;0;0;0;0;;;;;6.5
68;Jinseob Park;3;DEF;2;0;31;0;0;1;;0;0;0;0;;;;;6.8
69;Junho Bae;3;MID;0;0;0;;;;;;;0;0;;;;;
70;Hyeongyu Oh;3;FWD;3;1;128;1;0;4;;0;0;0;0;;;;;6.73
71;Kangin Lee;3;MID;3;3;270;0;1;4;;1;0;0;0;;;;;7.27
72;Hyunjun Yang;3;MID;1;0;19;0;0;1;;0;0;0;0;;;;;6.7
73;Hyeonwoo Jo;3;GK;0;0;0;;;;;;;0;0;0;0;0;;
74;Youngwoo Seol;3;DEF;3;3;251;0;0;2;;0;0;0;0;;;;;6.7
75;Jens Castrop;3;DEF;1;0;44;0;0;0;;0;0;0;0;;;;;6.6
76;Jingyu Kim;3;MID;2;0;50;0;0;1;;0;0;0;0;;;;;6.85
77;Jisung Eom;3;MID;2;0;40;0;0;0;;0;0;0;0;;;;;7.25
78;Donggyeong Lee;3;MID;0;0;0;;;;;;;0;0;;;;;
79;Mat ? j Kovar;4;GK;3;3;270;0;0;0;;0;0;0;0;0;9;6;;6.63
80;David Zima;4;DEF;1;0;12;0;0;0;;0;0;0;0;;;;;6.5
81;Tom‡? Holes;4;DEF;2;2;154;0;0;0;;0;0;0;0;;;;;6.45
82;Robin Hranac;4;DEF;3;3;270;0;0;0;;0;0;0;0;;;;;6.27
83;Vladim’r Coufal;4;DEF;3;3;270;0;1;1;;0;0;0;0;;;;;6.67
84;? p‡n Chaloupek;4;DEF;1;1;90;0;0;0;;0;0;0;0;;;;;5.9
85;Ladislav Krejci;4;DEF;3;3;270;1;0;5;;1;0;0;0;;;;;6.9
86;Vladim’r Darida;4;MID;1;1;55;0;0;1;;0;0;0;0;;;;;6.9
87;Adam Hlozek;4;FWD;3;2;158;0;0;3;;0;0;0;0;;;;;6.67
88;Patrik Schick;4;FWD;3;2;179;0;0;2;;0;0;0;0;;;;;6.37
89;Jan Kuchta;4;FWD;0;0;0;;;;;;;0;0;;;;;
90;Luk‡? Cerv;4;MID;2;2;165;0;0;3;;0;0;0;0;;;;;6.8
91;Mojm’r Chytil;4;FWD;1;0;6;0;0;0;;0;0;0;0;;;;;6.4
92;David Jurasek;4;DEF;0;0;0;;;;;;;0;0;;;;;
93;Pavel Sulc;4;FWD;3;2;188;0;0;2;;0;0;0;0;;;;;6.67
94;Jind ? ich Stanek;4;GK;0;0;0;;;;;;;0;0;0;0;0;;
95;Luk‡? Provod;4;MID;3;1;120;0;0;1;;0;0;0;0;;;;;6.67
96;Michal Sadilek;4;MID;3;2;184;1;0;7;;0;0;0;0;;;;;6.93
97;Tom‡? Chory;4;FWD;2;0;30;0;0;0;;0;0;0;0;;;;;6.5
98;Jaroslav Zeleny;4;DEF;2;1;125;0;0;1;;0;0;0;0;;;;;6.65
99;David Doudera;4;DEF;1;1;90;0;0;4;;0;0;0;0;;;;;6.6
100;Tom‡? Soucek;4;MID;3;1;136;0;0;1;;0;0;0;0;;;;;6.53
101;Luk‡? Hornicek;4;GK;0;0;0;;;;;;;0;0;0;0;0;;
102;Alexandr Sojka;4;MID;3;2;142;0;1;0;;0;0;0;0;;;;;6.8
103;Hugo Sochurek;4;MID;0;0;0;;;;;;;0;0;;;;;
104;Denis Visinsky;4;FWD;1;1;56;0;0;3;;0;0;0;0;;;;;6.7
105;Dayne Tristan St. Clair;5;GK;0;0;0;;;;;;;0;0;0;0;0;;
106;Alistair William Johnston;5;DEF;5;5;450;0;0;5;;1;0;0;0;;;;;7.02
107;Alfie Charles Jones;5;DEF;1;1;90;0;0;;;0;0;0;0;;;;;
108;Luc De Fougerolles;5;DEF;4;3;282;0;0;;;1;0;0;0;;;;;
109;Joel Robert Waterman;5;DEF;0;0;0;;;;;;;0;0;;;;;
110;Mathieu Choiniere;5;MID;1;1;58;0;0;0;;0;0;0;0;;;;;6.8
111;Stephen Eustaquio;5;MID;5;4;392;1;0;4;;0;0;0;0;;;;;7.7
112;Isma‘l Kenneth Jordan Kone;5;MID;3;3;236;0;0;;;0;0;0;0;;;;;
113;Cyle Christopher Larin;5;FWD;3;2;162;2;0;;;1;0;0;0;;;;;
114;Jonathan Christian David;5;FWD;5;5;421;3;0;18;;0;0;0;0;;;;;6.84
115;Liam Alan Millar;5;MID;3;2;163;0;0;1;;1;0;0;0;;;;;6.6
116;Tanitoluwa Oluwatimilehin Oluwaseyi;5;FWD;4;2;197;0;0;;;0;0;0;0;;;;;
117;Derek Austin Cornelius;5;DEF;4;4;316;0;0;5;;1;0;0;0;;;;;6.5
118;Jacob Everett Shaffelburg;5;MID;5;1;165;0;0;3;;0;0;0;0;;;;;6.62
119;Mo•se Bombito Bombito;5;DEF;3;2;193;0;0;1;;0;0;0;0;;;;;6.53
120;Maxime Crepeau;5;GK;5;5;450;0;0;0;;0;0;0;0;2;7;6;;6.44
121;Tajon Trevor Buchanan;5;FWD;4;4;293;0;0;;;0;0;0;0;;;;;
122;Owen Olamidayo Goodman;5;GK;0;0;0;;;;;;;0;0;0;0;0;;
123;Alphonso Boyle Davies;5;DEF;2;1;105;0;0;;;0;0;0;0;;;;;
124;Ali Ahmed;5;FWD;3;2;158;0;0;;;0;0;0;0;;;;;
125;Jonathan Osorio;5;MID;1;0;1;0;0;;;0;0;0;0;;;;;
126;Richmond Mamah Laryea;5;DEF;4;4;353;0;0;;;0;0;0;0;;;;;
127;Niko Kristian Sigur;5;DEF;2;0;38;0;0;;;1;0;0;0;;;;;
128;Promise Oluwatobi Emmanuel David;5;FWD;4;1;155;1;1;5;;0;0;0;0;;;;;6.75
129;Nathan-Dylan Saliba;5;MID;4;3;273;1;2;;;1;0;0;0;;;;;
130;Jayden Nelson;5;FWD;0;0;0;;;;;;;0;0;;;;;
131;Nikola Vasilj;6;GK;4;4;360;0;0;0;;0;0;0;0;0;12;8;;6
132;Nihad Mujakic;6;DEF;0;0;0;;;;;;;0;0;;;;;
133;Dennis Hadzikadunic;6;DEF;1;0;27;0;1;0;;0;0;0;0;;;;;7.1
134;Tarik Muharemovic;6;DEF;3;3;270;0;0;1;;0;1;0;0;;;;;6.87
135;Sead Kolasinac;6;DEF;4;4;338;0;1;0;;0;0;0;0;;;;;6.63
136;Benjamin Tahirovic;6;MID;4;2;236;0;0;1;;0;0;0;0;;;;;6.53
137;Amar Dedic;6;DEF;3;3;270;0;0;2;;1;0;0;0;;;;;6.43
138;Armin Gigovic;6;MID;2;1;79;0;0;0;;0;0;0;0;;;;;6.7
139;Samed Bazdar;6;FWD;1;0;28;0;0;0;;0;0;0;0;;;;;6.2
140;Ermedin Demirovic;6;FWD;4;4;355;0;0;4;;1;0;0;0;;;;;6.4
141;Edin Dzeko;6;FWD;3;3;177;0;0;3;;1;0;0;0;;;;;6.57
142;Mladen Jurkas;6;GK;0;0;0;;;;;;;0;0;0;0;0;;
143;Ivan Basic;6;MID;3;2;179;0;1;4;;0;0;0;0;;;;;7.2
144;Ivan Sunjic;6;MID;4;3;198;0;0;1;;0;0;0;0;;;;;6.48
145;Amar Memic;6;MID;4;2;223;0;0;3;;0;0;0;0;;;;;6.33
146;Amir Hadziahmetovic;6;MID;1;0;5;0;0;0;;0;0;0;0;;;;;6.4
147;Dzenis Burnic;6;MID;2;0;15;0;0;1;;0;0;0;0;;;;;6.65
148;Nikola Katic;6;DEF;4;4;318;0;0;2;;1;0;0;0;;;;;6.85
149;Kerim Alajbegovic;6;FWD;4;3;278;1;0;4;;0;0;0;0;;;;;6.63
150;Esmir Bajraktarevic;6;FWD;4;2;230;0;0;3;;0;0;0;0;;;;;6.38
151;Stjepan Radeljic;6;DEF;2;2;180;0;0;1;;1;0;0;0;;;;;6.7
152;Martin Zlomislic;6;GK;0;0;0;;;;;;;0;0;0;0;0;;
153;Haris Tabakovic;6;FWD;1;0;15;0;0;0;;0;0;0;0;;;;;6.5
154;Arjan Malic;6;DEF;1;1;46;0;0;0;;0;0;0;0;;;;;6.4
155;Jovo Lukic;6;FWD;2;1;67;1;0;3;;1;0;0;0;;;;;6.95
156;Ermin Mahmic;6;MID;3;0;67;2;0;4;;1;0;0;0;;;;;7.03
157;Ibrahim Mahmoud Abunada;7;GK;3;3;270;0;0;0;;1;0;0;1;0;16;10;;6.27
158;Miguel Pedro;7;DEF;3;3;270;0;0;3;;0;0;0;0;;;;;6.7
159;Michel Lucas;7;DEF;1;0;3;0;0;;;0;0;0;0;;;;;
160;Gueye Issa Laye;7;DEF;3;3;270;0;0;1;;0;0;0;0;;;;;6.73
161;Gaber Jassem;7;DEF;3;3;152;0;0;;;1;0;0;0;;;;;
162;Hatim Abdulaziz Hatem;7;MID;1;0;44;0;0;0;;0;0;0;0;;;;;6.5
163;Alaaeldin Ahmed;7;FWD;2;0;41;0;0;1;;0;0;0;0;;;;;6.4
164;Junior Edmilson;7;FWD;3;3;213;0;1;3;;0;0;0;0;;;;;6.57
165;Mohammed Mohammed Muntari;7;FWD;0;0;0;;;;;;;0;0;;;;;
166;Khalid Hassan Alhaydos;7;FWD;2;1;57;1;0;1;;0;0;0;0;;;;;7
167;Hassan Akram;7;FWD;3;3;239;0;0;;;0;0;0;0;;;;;
168;Karim Karim Boudiaf;7;MID;2;1;102;0;0;1;;0;0;0;0;;;;;6.9
169;Mohamed Ayoub Aloui;7;DEF;2;2;150;0;0;0;;0;0;0;0;;;;;5.85
170;Elamin Homam;7;DEF;2;2;180;0;0;;;0;1;0;0;;;;;
171;Abdurisag Yusuf Abdurisag;7;FWD;2;2;100;0;0;0;;0;0;0;0;;;;;6.75
172;KHOUKHIBoualem Boualem;7;DEF;3;3;270;0;0;2;;0;0;0;0;;;;;6.47
173;Mohamed Ahmed Alganehi;7;MID;1;0;35;0;0;1;;0;0;0;0;;;;;6.5
174;Hussain Sultan;7;DEF;2;1;140;0;0;;;0;0;0;0;;;;;
175;Ali Zainelabdeen Almoez;7;FWD;1;0;18;0;0;;;0;0;0;0;;;;;
176;Fathy Ahmed Fathy;7;MID;3;1;150;0;0;0;;2;0;0;0;;;;;6.53
177;Zakaria Salah Zakaria;7;GK;0;0;0;;;;;;;0;0;0;0;0;;
178;Aissa Meshaal Barsham;7;GK;0;0;0;;;;;;;0;0;0;0;0;;
179;Omer Assim Madibo;7;MID;2;2;169;0;0;0;;0;1;0;0;;;;;5.95
180;Mohammad Tahsin;7;FWD;0;0;0;;;;;;;0;0;;;;;
181;Alhussein Alhashmi;7;DEF;1;0;31;0;0;;;0;0;0;0;;;;;
182;Naceur Mohamed Manai;7;FWD;3;0;66;0;0;0;;0;0;0;1;;;;;6.17
183;Gregor Kobel;8;GK;6;6;600;0;0;0;;0;0;0;0;2;20;6;;7.52
184;Miro Max Maria Muheim;8;DEF;3;0;84;0;0;0;;1;0;0;1;;;;;6.23
185;Silvan Dominic Widmer;8;DEF;5;1;172;0;0;0;;0;0;0;0;;;;;6.46
186;Nico Elvedi;8;DEF;6;6;600;0;0;3;;1;0;0;0;;;;;7.03
187;Manuel Obafemi Akanji;8;DEF;6;6;600;0;0;1;;0;0;0;0;;;;;7.07
188;Denis Lemi Zakaria;8;MID;4;4;360;0;0;5;;2;0;0;0;;;;;6.7
189;Breel Donald Embolo;8;FWD;6;6;506;2;2;10;;1;1;1;0;;;;;6.85
190;Remo Marco Freuler;8;MID;6;6;575;0;0;2;;0;0;0;0;;;;;6.82
191;Johan Kula Manzambi;8;MID;4;2;198;3;2;6;;0;0;0;0;;;;;7.6
192;Granit Xhaka;8;MID;6;6;600;1;1;9;;2;0;1;0;;;;;7.52
193;Dan Ndoye;8;FWD;6;5;411;2;0;16;;0;0;0;0;;;;;7.03
194;Yvon Landry Mvogo;8;GK;0;0;0;;;;;;;0;0;0;0;0;;
195;Ricardo Ivan Rodriguez;8;DEF;6;6;520;0;1;1;;0;0;0;0;;;;;7.02
196;Ardon Jashari;8;MID;3;1;71;0;0;2;;0;0;0;0;;;;;6.33
197;Djibril Ibrahima Sow;8;MID;5;2;271;0;0;;;0;0;0;0;;;;;
198;Christian Andreas Fassnacht;8;FWD;1;0;5;0;0;0;;0;0;0;0;;;;;6.6
199;Ruben Estephan Vargas;8;FWD;6;3;283;2;1;6;;0;0;0;0;;;;;7.37
200;Eray Ervin Coemert;8;DEF;1;0;30;0;0;0;;0;0;0;0;;;;;6.2
201;Noah Arinzechukwu Okafor;8;FWD;1;0;19;0;0;1;;0;0;0;0;;;;;6.9
202;Michel Aebischer;8;MID;4;2;157;0;0;2;;0;0;0;0;;;;;6.78
203;Marvin Keller;8;GK;0;0;0;;;;;;;0;0;0;0;0;;
204;Fabian Rieder;8;MID;5;3;304;0;0;7;;0;0;0;0;;;;;6.52
205;Mohamed Zeki Amdouni;8;FWD;4;0;69;0;0;1;;0;0;0;0;;;;;6.63
206;Aurle Florian Amenda;8;DEF;0;0;0;;;;;;;0;0;;;;;
207;Luca Antony Jaquez;8;DEF;2;1;78;0;0;0;;0;0;0;0;;;;;6.6
208;Cedric Jan Itten;8;FWD;3;0;39;0;0;0;;0;0;0;0;;;;;6.7
209;RamsŽs Alisson;9;GK;5;5;450;0;0;0;;0;0;0;0;2;9;4;;7.22
210;JosŽ Ederson Silva;9;MID;2;0;20;0;0;2;;0;0;0;0;;;;;6.3
211;Gabriel Gabriel Magalhaes;9;DEF;5;5;450;0;1;1;;0;0;0;0;;;;;7.36
212;MARQUINHOSMarcos;9;DEF;5;5;450;0;0;2;;0;0;0;0;;;;;7.32
213;Henrique;9;MID;5;5;382;1;0;;;2;0;0;0;;;;;
214;Sandro Alex;9;DEF;1;0;8;0;0;0;;0;0;0;0;;;;;6.6
215;JosŽ Vinicius;9;FWD;5;5;441;4;1;17;;0;0;0;0;;;;;8
216;GUIMARAESBruno Bruno;9;MID;5;5;420;0;4;8;;1;0;0;0;;;;;7.12
217;Matheus Matheus Cunha;9;FWD;5;4;293;3;0;11;;0;0;0;0;;;;;7.36
218;Neymar Neymar Jr;9;FWD;2;0;37;1;0;3;;1;0;1;0;;;;;6.55
219;Raphael Raphinha;9;FWD;2;2;130;0;0;3;;0;0;0;0;;;;;6.4
220;Weverton Weverton;9;GK;0;0;0;;;;;;;0;0;0;0;0;;
221;Luiz Danilo;9;DEF;5;4;404;0;0;1;;2;0;0;0;;;;;6.64
222;Bremer Bremer;9;DEF;0;0;0;;;;;;;0;0;;;;;
223;PEREIRALeonardo Leo;9;DEF;0;0;0;;;;;;;0;0;;;;;
224;Douglas Douglas Santos;9;DEF;5;5;442;0;0;2;;1;0;0;0;;;;;6.96
225;Henrique Fabinho;9;MID;3;0;69;0;0;1;;1;0;0;0;;;;;6.7
226;Danilo Danilo Santos;9;MID;4;0;43;0;0;2;;0;0;0;0;;;;;6.67
227;Felipe Endrick;9;FWD;4;0;110;0;0;3;;0;0;0;0;;;;;6.43
228;Lucas Lucas Paqueta;9;MID;4;4;237;0;1;5;;0;0;0;0;;;;;7.08
229;Henrique AndrŽ Luiz;9;FWD;1;0;29;0;0;0;;0;0;0;0;;;;;7
230;MARTINELLIGabriel Gabriel;9;FWD;4;1;141;1;0;;;0;0;0;0;;;;;
231;Ederson Ederson;9;GK;0;0;0;;;;;;;0;0;0;0;0;;
232;IBANEZRoger Roger;9;DEF;1;1;46;0;0;;;1;0;0;0;;;;;
233;Thiago Igor Thiago;9;FWD;1;1;61;0;0;2;;0;0;0;0;;;;;6.2
234;Vitor Rayan;9;FWD;4;3;289;0;1;5;;0;0;0;0;;;;;7.18
235;Yassine Bounou;10;GK;6;6;570;0;0;0;;0;0;0;1;2;18;6;;6.95
236;Achraf Hakimi;10;DEF;6;6;570;1;1;14;;0;0;0;0;;;;;7
237;Noussair Mazraoui;10;DEF;6;5;477;0;0;0;;0;0;0;0;;;;;7.08
238;Sofyan Amrabat;10;MID;1;1;90;0;0;;;0;0;0;0;;;;;
239;Marwane Saadane;10;DEF;0;0;0;;;;;;;0;0;;;;;
240;Ayyoub Bouaddi;10;MID;5;5;439;0;0;3;;0;0;0;0;;;;;6.68
241;Chemsdine Talbi;10;MID;5;2;246;0;1;2;;0;0;0;0;;;;;6.7
242;Azz-Eddine Ounahi;10;MID;6;4;380;2;0;5;;0;0;0;0;;;;;7.15
243;Soufiane Rahimi;10;FWD;6;0;105;2;0;6;;0;0;0;0;;;;;7.02
244;Brahim Diaz;10;FWD;6;6;477;0;4;6;;0;0;0;0;;;;;6.82
245;Ismael Saibari;10;MID;5;5;453;3;0;10;;0;0;0;0;;;;;7.16
246;Monir El Kajoui;10;GK;0;0;0;;;;;;;0;0;0;0;0;;
247;Zakaria El Ouahdi;10;DEF;1;1;90;0;0;0;;0;0;0;0;;;;;6.7
248;Issa Laye Lucas Jean Diop;10;DEF;4;4;390;1;0;;;3;0;0;0;;;;;
249;Samir El Mourabet;10;MID;4;0;75;0;0;;;0;0;0;0;;;;;
250;Gessime Ben Youssef Mustapha Yassine;10;MID;2;0;61;1;0;;;0;0;0;0;;;;;
251;Mohamed Amine Sbai;10;FWD;0;0;0;;;;;;;0;0;;;;;
252;Chadi Riad;10;DEF;5;5;435;0;0;;;0;0;0;0;;;;;
253;Youssef Belammari;10;DEF;0;0;0;;;;;;;0;0;;;;;
254;Ayoub El Kaabi;10;FWD;1;1;70;0;0;3;;0;0;0;0;;;;;6.3
255;Ayoube Amaimouni;10;FWD;3;1;106;0;0;;;0;0;0;0;;;;;
256;Ahmed Reda Tagnaouti;10;GK;0;0;0;;;;;;;0;0;0;0;0;;
257;Bilal El Khannouss;10;MID;6;6;506;0;0;6;;0;0;0;0;;;;;6.88
258;Neil Yoni El Aynaoui;10;MID;5;5;473;0;0;;;0;0;0;0;;;;;
259;Redouane Halhal;10;DEF;1;1;90;0;0;;;0;0;0;0;;;;;
260;Anass Salah Eddine;10;DEF;4;2;228;0;0;1;;0;0;0;0;;;;;6.6
261;Johny Placide;11;GK;3;3;270;0;0;0;;1;0;0;0;0;14;8;;6.8
262;Carlens Jean Fedlaire Ruby Arcus;11;DEF;3;2;146;0;0;0;;1;0;0;0;;;;;6.03
263;Keeto Thermoncy;11;DEF;0;0;0;;;;;;;0;0;;;;;
264;Ricardo Ade;11;DEF;3;3;270;0;0;4;;0;0;0;0;;;;;6.6
265;Hannes Piterson Delcroix;11;DEF;3;3;270;0;0;0;;0;0;0;0;;;;;6.37
266;Carl Fred Sainte;11;MID;0;0;0;;;;;;;0;0;;;;;
267;Derrick Burckley Etienne;11;FWD;1;0;9;0;0;0;;0;0;0;0;;;;;6.3
268;Martin Yves Roberns Didier Experience;11;DEF;3;3;270;0;0;1;;0;0;0;0;;;;;6.27
269;Duckens Nazon;11;FWD;1;0;23;0;0;1;;1;0;0;0;;;;;6.6
270;Jean Ricner Bellegarde;11;MID;3;3;261;0;0;6;;1;0;0;0;;;;;6.77
271;Don Deedson Deedson;11;FWD;3;1;111;0;0;2;;0;0;0;0;;;;;6.37
272;Alexandre Jr Pierre;11;GK;0;0;0;;;;;;;0;0;0;0;0;;
273;Markhus Lacroix;11;DEF;0;0;0;;;;;;;0;0;;;;;
274;Garven-Michee Metusala;11;DEF;0;0;0;;;;;;;0;0;;;;;
275;Ruben Fritzner Providence;11;FWD;3;3;223;0;0;4;;0;0;0;0;;;;;6.67
276;Lenny Alvin Pico Joseph;11;FWD;3;1;117;0;0;2;;0;0;0;0;;;;;6.1
277;Danley Jean Jacques;11;MID;3;3;260;0;0;0;;1;0;0;0;;;;;6.8
278;Wilson Isidor;11;FWD;3;2;186;1;0;5;;0;0;0;0;;;;;6.8
279;Yassin Enzo Fortune;11;FWD;1;0;5;0;0;0;;0;0;0;0;;;;;6.6
280;Frantzdy Pierrot;11;FWD;3;2;143;0;0;3;;1;0;0;0;;;;;6.6
281;Josue Jeremie Casimir;11;FWD;3;2;182;0;0;1;;1;0;0;0;;;;;6.07
282;Jean-KŽvin Duverne;11;DEF;2;2;170;0;0;1;;0;0;0;0;;;;;6.3
283;Josue Duverger;11;GK;0;0;0;;;;;;;0;0;0;0;0;;
284;Wilguens Raphael Polynice Paugain;11;DEF;0;0;0;;;;;;;0;0;;;;;
285;Dominique Celidor Simon;11;MID;2;0;54;0;0;1;;0;0;0;0;;;;;6.65
286;Olivier Woodensky Pierre;11;MID;0;0;0;;;;;;;0;0;;;;;
287;Angus Fraser James Gunn;12;GK;3;3;270;0;0;0;;0;0;0;0;1;10;4;;7.43
288;Aaron Buchanan Hickey;12;DEF;1;1;75;0;0;0;;1;0;0;0;;;;;7
289;Andrew Henry Robertson;12;DEF;3;3;226;0;0;0;;1;0;0;0;;;;;6.6
290;Scott McTominay;12;MID;3;3;270;0;0;8;;0;0;0;0;;;;;6.47
291;Grant Campbell Hanley;12;DEF;2;2;180;0;0;0;;0;0;0;0;;;;;7.3
292;Kieran Tierney;12;DEF;2;1;104;0;0;2;;0;0;0;0;;;;;6.9
293;John McGuinn;12;MID;3;3;261;1;0;3;;0;0;0;0;;;;;6.83
294;Tyler Robert Fletcher;12;MID;0;0;0;;;;;;;0;0;;;;;
295;Lyndon John Dykes;12;FWD;2;0;34;0;0;1;;0;0;0;0;;;;;6.45
296;Che Sac Everton Fred Adams;12;FWD;3;2;147;0;0;1;;0;0;0;0;;;;;6.6
297;Ryan Christie;12;MID;3;1;96;0;0;2;;1;0;0;0;;;;;6.53
298;Liam Patrick Kelly;12;GK;0;0;0;;;;;;;0;0;0;0;0;;
299;Jack William Hendry;12;DEF;3;3;270;0;0;0;;0;0;0;0;;;;;6.93
300;Ross Cameron Stewart;12;FWD;1;0;1;0;0;0;;0;0;0;0;;;;;6.6
301;John Francis Souttar;12;DEF;0;0;0;;;;;;;0;0;;;;;
302;Dominic John Hyam;12;DEF;0;0;0;;;;;;;0;0;;;;;
303;Ben Gannon Gannon-Doak;12;FWD;3;2;186;0;0;4;;0;0;0;0;;;;;6.57
304;George David Eric Hirst;12;FWD;0;0;0;;;;;;;0;0;;;;;
305;Lewis Ferguson;12;MID;3;3;270;0;0;2;;0;0;0;0;;;;;7.67
306;Lawrence Shankland;12;FWD;2;2;172;0;0;4;;0;0;0;0;;;;;6.4
307;Craig Sinclair Gordon;12;GK;0;0;0;;;;;;;0;0;0;0;0;;
308;Nathan Kenneth Patterson;12;DEF;3;2;185;0;0;0;;0;0;0;0;;;;;6.47
309;Kenny McLean;12;MID;3;1;116;0;0;1;;1;0;0;0;;;;;6.53
310;Anthony Ralston;12;DEF;2;0;10;0;0;1;;0;0;0;0;;;;;6.8
311;Findlay Kenneth Curtis;12;FWD;2;0;9;0;0;0;;1;0;0;0;;;;;6.4
312;Scott McKenna;12;DEF;1;1;90;0;0;0;;0;0;0;0;;;;;5.9
313;Matthew Charles Turner;13;GK;1;1;90;0;0;;;0;0;0;0;0;4;3;;
314;Sergi–o Gianni Dest;13;DEF;5;4;298;0;1;3;;0;0;0;0;;;;;6.76
315;Christopher Jeffrey Richards;13;DEF;4;4;360;0;0;1;;1;0;0;0;;;;;6.95
316;Tyler Shaan Adams;13;MID;4;4;342;0;0;0;;1;0;0;0;;;;;6.88
317;Antonee Robinson;13;DEF;4;4;350;0;0;0;;1;0;0;0;;;;;7.05
318;Auston Levi-Jesaiah Trusty;13;DEF;2;1;100;1;0;3;;0;0;0;0;;;;;7
319;Giovanni Alejandro Reyna;13;MID;5;1;131;1;0;2;;0;0;0;0;;;;;6.9
320;Weston McKennie;13;MID;5;5;446;0;0;5;;1;0;0;0;;;;;6.94
321;Ricardo Daniel Pepi;13;FWD;5;2;203;0;0;5;;0;0;0;0;;;;;6.36
322;Christian Mate Pulisic;13;FWD;4;3;224;0;1;4;;0;0;0;0;;;;;6.93
323;Brenden Russell Aaronson;13;FWD;1;1;76;0;0;3;;0;0;0;0;;;;;6.3
324;Miles Gordon Robinson;13;DEF;1;1;90;0;0;1;;0;0;0;0;;;;;6.6
325;Timothy Michael Ream;13;DEF;4;4;360;0;0;;;0;0;0;0;;;;;
326;Sebastian Matthew Berhalter;13;MID;5;1;184;1;1;3;;1;0;0;0;;;;;7.1
327;Cristian Roldan;13;MID;0;0;0;;;;;;;0;0;;;;;
328;Alexander Michael Freeman;13;DEF;5;4;374;1;1;4;;0;0;0;0;;;;;7.3
329;Malik Leon Tillman;13;MID;5;4;356;2;2;8;;1;0;0;0;;;;;7.28
330;Maximilian Michael Arfsten;13;DEF;1;0;1;0;0;0;;0;0;0;0;;;;;0
331;Haji Amir Wright;13;FWD;2;0;2;0;0;0;;0;0;0;0;;;;;0
332;Folarin Jolaoluwa Balogun;13;FWD;4;4;316;3;0;14;;1;1;0;0;;;;;6.98
333;Timothy Tarpeh Weah;13;FWD;2;1;76;0;0;2;;0;0;0;0;;;;;6.2
334;Mark McKenzie;13;DEF;1;1;90;0;0;0;;0;0;0;0;;;;;6.1
335;Joseph Michael Scally;13;DEF;2;1;86;0;0;0;;0;0;0;0;;;;;6.6
336;Matthew Andrew Geary Freese;13;GK;4;4;360;0;0;0;;0;0;0;0;2;8;5;;6.43
337;Christopher Keith Brady;13;GK;0;0;0;;;;;;;0;0;0;0;0;;
338;Alejandro Zendejas;13;FWD;1;0;14;0;0;1;;0;0;0;0;;;;;6.5
339;Roberto Junior Fernandez;14;GK;0;0;0;;;;;;;0;0;0;0;0;;
340;Victor Gustavo Velazquez;14;DEF;4;1;153;0;0;;;0;0;0;0;;;;;
341;Omar Federico Alderete;14;DEF;4;4;354;0;0;1;;0;0;0;0;;;;;6.7
342;Juan Jose Caceres;14;DEF;5;5;439;0;0;2;;1;0;0;0;;;;;6.92
343;Fabi‡n Cornelio Balbuena;14;DEF;1;0;1;0;0;0;;0;0;0;0;;;;;0
344;Jœnior Osmar Ignacio Alonso;14;DEF;4;3;301;0;0;;;2;0;0;0;;;;;
345;Ram—n Sosa;14;MID;2;1;101;0;0;;;0;0;0;0;;;;;
346;Diego Alexander Gomez;14;MID;3;3;236;0;0;;;2;0;0;0;;;;;
347;Arnaldo Antonio Sanabria;14;FWD;2;1;83;0;0;0;;0;0;0;0;;;;;6.3
348;Miguel Angel Almiron;14;MID;4;4;350;0;0;4;;1;1;0;0;;;;;6.43
349;Mauricio Mauricio;14;MID;3;0;151;1;0;;;0;0;0;0;;;;;
350;Orlando Daniel Gill;14;GK;5;5;480;0;0;0;;0;0;0;0;2;29;6;;7.88
351;Jose Maria Canale;14;DEF;4;2;217;0;0;0;;0;0;0;0;;;;;6.97
352;Adri‡n AndrŽs Cubas;14;MID;4;4;390;0;0;;;1;0;0;0;;;;;
353;Gustavo Raul Gomez;14;DEF;4;4;390;0;0;;;0;0;0;0;;;;;
354;Dami‡n Josue Bobadilla;14;MID;4;2;190;1;0;0;;0;0;0;0;;;;;6.43
355;Alejandro Sebastian Romero Gamarra;14;FWD;1;0;11;0;0;0;;0;0;0;0;;;;;6.4
356;Alex Adrian Arce;14;FWD;3;1;141;0;0;;;1;0;0;0;;;;;
357;Julio Cesar Enciso;14;FWD;4;4;327;1;2;;;0;0;0;0;;;;;
358;Braian Oscar Ojeda;14;MID;1;0;21;0;0;0;;0;0;0;0;;;;;6.6
359;Gabriel Avalos;14;FWD;3;2;123;0;0;;;0;0;0;0;;;;;
360;Gast—n Hern‡n Olveira;14;GK;0;0;0;;;;;;;0;0;0;0;0;;
361;Matias Galarza;14;MID;4;4;390;1;1;2;;2;0;0;0;;;;;7.1
362;Gustavo Ruben Caballero;14;MID;2;1;155;0;0;1;;0;0;0;0;;;;;6.7
363;Isidro Miguel Pitta;14;FWD;2;2;136;0;0;;;0;0;0;0;;;;;
364;Alexandro Maidana;14;DEF;3;2;145;0;0;;;0;0;0;0;;;;;
365;Mathew David Ryan;15;GK;1;0;1;0;0;0;;0;0;0;0;0;0;0;;0
366;Milos Degenek;15;DEF;0;0;0;;;;;;;0;0;;;;;
367;Alessandro Circati;15;DEF;4;4;390;0;0;3;;1;0;0;0;;;;;7.48
368;Jacob Michael Italiano;15;DEF;2;2;164;0;0;1;;1;0;0;0;;;;;6.5
369;Jordan Jacob Bos;15;DEF;4;4;309;0;0;5;;1;0;0;0;;;;;6.73
370;Jason Kato Geria;15;DEF;2;0;60;0;0;0;;0;0;0;0;;;;;6.75
371;Mathew Allan Leckie;15;FWD;1;1;61;0;0;1;;0;0;0;0;;;;;6.3
372;Connor Isaac Metcalfe;15;MID;4;3;315;1;0;5;;0;0;0;0;;;;;6.8
373;Mohamed Toure;15;FWD;3;2;166;0;0;4;;0;0;0;0;;;;;6.43
374;Ajdin Hrustic;15;FWD;2;0;78;0;0;3;;0;0;0;0;;;;;6.8
375;Awer Bul Mabil;15;FWD;1;0;29;0;0;1;;0;0;0;0;;;;;7.2
376;Paul David Izzo;15;GK;0;0;0;;;;;;;0;0;0;0;0;;
377;Aiden Connor Oneill;15;MID;4;4;361;0;0;2;;0;0;0;0;;;;;6.95
378;Cameron Peter Devlin;15;MID;0;0;0;;;;;;;0;0;;;;;
379;Kai Clifton Trewin;15;DEF;1;0;74;0;0;1;;0;0;0;0;;;;;6.3
380;Aziz Behich;15;DEF;3;2;217;0;0;1;;0;0;0;0;;;;;6.63
381;Nestory Irankunda;15;FWD;4;3;263;1;0;6;;0;0;0;0;;;;;6.8
382;Patrick Thomas Beach;15;GK;4;4;389;0;0;0;;0;0;0;0;2;11;3;;7.45
383;Harry James Souttar;15;DEF;4;4;390;0;0;1;;1;0;0;0;;;;;7
384;Cristian Volpato;15;FWD;3;2;161;0;0;4;;0;0;0;0;;;;;6.63
385;Cameron Robert Burgess;15;DEF;2;2;136;1;0;0;;0;0;0;0;;;;;6.4
386;Jackson Alexander Irvine;15;MID;4;2;223;0;0;3;;1;0;0;0;;;;;7
387;Nishan Matthew Velupillay;15;FWD;2;1;75;0;0;0;;0;0;0;0;;;;;6.25
388;Paul Michael Junior Okon-Engstler;15;MID;4;2;196;0;1;0;;0;0;0;0;;;;;6.9
389;Lucas Herrington;15;DEF;2;2;210;0;0;0;;0;0;0;0;;;;;6.5
390;Tete Owen Yengi;15;FWD;2;0;22;0;0;1;;0;0;0;0;;;;;6.55
391;Fehmi Mert Gunok;16;GK;0;0;0;;;;;;;0;0;0;0;0;;
392;Mehmet Zeki Celik;16;DEF;2;2;164;0;0;1;;0;0;0;0;;;;;6.9
393;Merih Demiral;16;DEF;2;2;180;0;0;6;;0;0;0;0;;;;;6.7
394;‚a ? lar Soyuncu;16;DEF;1;0;6;0;0;0;;0;0;0;0;;;;;6.9
395;Salih Ozcan;16;MID;2;1;100;0;0;0;;0;0;0;0;;;;;7
396;Orkun Kokcu;16;MID;3;2;154;1;0;3;;0;0;0;0;;;;;6.27
397;Muhammed Kerem Akturkoglu;16;FWD;2;2;131;0;0;3;;0;0;0;0;;;;;6.1
398;Arda Guler;16;FWD;3;3;270;1;0;12;;0;0;0;0;;;;;7.6
399;Deniz Daniel Gul;16;FWD;2;0;35;0;0;2;;0;0;0;0;;;;;6.3
400;Hakan Calhanoglu;16;MID;2;2;180;0;0;11;;0;0;0;0;;;;;7.4
401;Kenan Yildiz;16;FWD;3;2;218;0;0;14;;0;0;0;0;;;;;7.1
402;Altay Bayindir;16;GK;0;0;0;;;;;;;0;0;0;0;0;;
403;Evren Eren Elmali;16;DEF;2;1;110;0;1;0;;1;0;0;0;;;;;7.1
404;AbdŸlker Bardakci;16;DEF;3;3;266;0;0;3;;0;0;0;0;;;;;7.17
405;Ozan Muhammed Kabak;16;DEF;1;1;90;0;0;;;0;0;0;0;;;;;
406;Ismail?sma Yuksek;16;MID;2;2;140;0;0;5;;0;0;0;0;;;;;7.2
407;Can ?rfan Kahveci;16;FWD;3;1;101;0;0;;;0;0;0;0;;;;;
408;Mert Muldur;16;DEF;0;0;0;;;;;;;0;0;;;;;
409;Yunus Akgun;16;FWD;2;1;88;0;0;0;;1;0;0;0;;;;;6.4
410;Ferdi Erenay Kadioglu;16;DEF;2;2;160;0;0;1;;0;0;0;0;;;;;6.65
411;Barõ ? Alper Yilmaz;16;FWD;3;2;180;0;0;2;;0;0;0;0;;;;;6.77
412;Kaan Ayhan;16;MID;1;0;2;1;0;1;;0;0;0;0;;;;;7.6
413;Ugurcan Cakir;16;GK;3;3;270;0;0;0;;0;0;0;0;0;7;5;;6.5
414;Oguz Aydin;16;FWD;1;1;90;0;0;0;;0;0;0;0;;;;;7
415;Samet Akaydin;16;DEF;0;0;0;;;;;;;0;0;;;;;
416;Can Yõlmaz Uzun;16;FWD;2;0;36;0;1;4;;0;0;0;0;;;;;6.75
417;Manuel Peter Neuer;17;GK;4;4;390;0;0;0;;0;0;0;0;0;8;5;;6.95
418;Antonio Ruediger;17;DEF;4;2;262;0;0;1;;1;0;0;0;;;;;6.88
419;Waldemar Anton;17;DEF;2;0;48;0;0;1;;0;0;0;0;;;;;6.9
420;Jonathan Glao Tah;17;DEF;4;4;372;0;0;1;;0;0;0;0;;;;;6.93
421;Aleksandar Pavlovic;17;MID;4;4;275;0;0;4;;1;0;0;0;;;;;6.73
422;Joshua Walter Kimmich;17;DEF;4;4;353;0;2;5;;0;0;0;0;;;;;7.55
423;Kai Lukas Havertz;17;FWD;4;4;355;3;0;12;;1;0;1;0;;;;;7.35
424;Leon Christoph Goretzka;17;MID;3;0;97;0;0;2;;0;0;0;0;;;;;6.77
425;Jamie Jaleel Jeremy Leweling;17;MID;1;0;30;0;0;1;;0;0;0;0;;;;;6.6
426;Jamal Musiala;17;MID;4;3;271;1;0;6;;1;0;0;0;;;;;7.18
427;Nick Woltemade;17;FWD;1;0;32;0;0;2;;0;0;0;0;;;;;6.2
428;Oliver Baumann;17;GK;0;0;0;;;;;;;0;0;0;0;0;;
429;Pascal Alexander GRO§ GRO§ Gross;17;MID;1;0;17;0;0;1;;0;0;0;0;;;;;6.4
430;Maximilian Beier;17;FWD;1;0;26;0;0;0;;0;0;0;0;;;;;6.5
431;Nico CŽdric Schlotterbeck;17;DEF;2;2;136;1;0;2;;0;0;0;0;;;;;7.5
432;Angelo Nicolas Stiller;17;MID;1;0;44;0;0;0;;0;0;0;0;;;;;6.8
433;Florian Richard Wirtz;17;MID;4;4;363;0;3;10;;0;0;0;0;;;;;7.63
434;Nathaniel Christopher Brown;17;DEF;3;3;282;1;1;3;;0;0;0;0;;;;;7.3
435;Leroy Aziz Sane;17;MID;4;4;328;1;0;6;;0;0;0;0;;;;;6.63
436;Nadiem Amiri;17;MID;2;0;40;0;1;2;;0;0;0;0;;;;;7.1
437;Alexander Nuebel;17;GK;0;0;0;;;;;;;0;0;0;0;0;;
438;David Raum;17;DEF;2;1;108;0;0;1;;0;0;0;0;;;;;6.75
439;Felix Kalu Nmecha;17;MID;4;4;272;1;1;8;;0;0;0;0;;;;;7.05
440;Malick Thiaw;17;DEF;2;0;40;0;0;0;;0;0;0;0;;;;;6.65
441;Forzan Assan Ouedraogo;17;MID;0;0;0;;;;;;;0;0;;;;;
442;Deniz Undav;17;FWD;4;1;149;3;2;6;;0;0;0;0;;;;;7.43
443;Eloy Victor Room;18;GK;3;3;270;0;0;0;;0;0;0;0;1;25;9;;7.2
444;Shurandy Ruggerio Sambo;18;DEF;1;0;1;0;0;0;;0;0;0;0;;;;;0
445;Juri‘n Godfried Juan Gaari;18;DEF;2;2;167;0;0;;;1;0;0;0;;;;;
446;R—sh—n Felix Romar Jordan Van Eijma;18;DEF;1;0;15;0;0;;;0;0;0;0;;;;;
447;Sherel Constancio Floranus;18;DEF;3;3;270;0;0;2;;0;0;0;0;;;;;6.6
448;Godfried Roemeratoe;18;MID;1;0;7;0;0;0;;0;0;0;0;;;;;6.7
449;Juninho Gracielo Bacuna;18;MID;3;3;255;0;0;5;;2;0;0;0;;;;;6.57
450;Livano Shyron Liomar Comenencia;18;MID;3;3;234;1;0;5;;1;0;0;0;;;;;6.9
451;JŸrgen Leonardo Locadia;18;FWD;3;3;238;0;0;1;;0;0;0;0;;;;;6.47
452;Leandro Jones Johan Bacuna;18;MID;3;3;270;0;0;6;;1;0;0;0;;;;;6.63
453;Jeremy Cornelis Jacobus Antonisse;18;FWD;2;0;73;0;0;;;0;0;0;0;;;;;
454;Juniffer Naigelino Hansen;18;FWD;1;1;46;0;0;;;0;0;0;0;;;;;
455;Tyrese Yurvencey Noslin;18;FWD;1;0;13;0;0;0;;0;0;0;0;;;;;6.8
456;Kenji Jo‘l Gorre;18;FWD;1;0;15;0;0;0;;0;0;0;0;;;;;6.4
457;Jainel Archenir Martha;18;MID;0;0;0;;;;;;;0;0;;;;;
458;Jearl Erwin Margaritha;18;FWD;2;0;40;0;0;1;;0;0;0;0;;;;;6.35
459;Brandley Mack-Olien Kuwas;18;FWD;1;0;1;0;0;0;;0;0;0;0;;;;;0
460;Armando Maria Obispo;18;DEF;3;3;270;0;0;0;;0;0;0;0;;;;;6.4
461;Gervane Zjandric Adonnis Kastaneer;18;FWD;3;0;28;0;0;;;2;0;0;0;;;;;
462;Joshua Benjamin Brenet;18;DEF;2;2;180;0;0;0;;0;0;0;0;;;;;6.85
463;Tahith Jose Girigorio Djorkaef Chong;18;MID;3;3;247;0;0;;;0;0;0;0;;;;;
464;Kevin Antonio Felida;18;MID;0;0;0;;;;;;;0;0;;;;;
465;Riechedly Guillermo Bazoer;18;DEF;1;1;90;0;0;0;;0;0;0;0;;;;;5.3
466;Deveron Lenny Fonville;18;DEF;3;3;242;0;0;0;;0;0;0;0;;;;;6.13
467;Tyrick Jeremy Bodak;18;GK;0;0;0;;;;;;;0;0;0;0;0;;
468;Trevor Irving Doornbusch;18;GK;0;0;0;;;;;;;0;0;0;0;0;;
469;Yahia Fofana;19;GK;4;4;360;0;0;0;;0;0;0;0;2;12;4;;7.15
470;Ousmane Diomande;19;DEF;1;1;90;0;0;0;;0;0;0;0;;;;;7.3
471;N'clomande Ghislain Konan;19;DEF;3;3;270;0;0;4;;0;0;0;0;;;;;6.8
472;Jean Michael Seri;19;MID;1;0;13;0;0;0;;0;0;0;0;;;;;6.8
473;Wilfried Stephane Singo;19;DEF;2;2;172;0;1;2;;0;0;0;0;;;;;7.15
474;Seko Mohamed Fofana;19;MID;2;1;92;0;0;5;;1;0;0;0;;;;;6.5
475;Odilon Dorgeless Kossounou;19;DEF;4;3;271;0;0;0;;0;0;0;0;;;;;6.75
476;Franck Yannick Kessie;19;MID;4;4;347;1;0;4;;1;0;0;0;;;;;6.83
477;Ange-Yoan Laurent Bonny;19;FWD;4;3;236;0;0;1;;0;0;0;0;;;;;6.4
478;Simon Adingra;19;FWD;1;0;15;0;0;0;;0;0;0;0;;;;;6.4
479;Yan Diomande;19;FWD;4;4;332;0;1;4;;0;0;0;0;;;;;7.53
480;Elye Delmas Wahi;19;FWD;3;1;109;0;0;3;;0;0;0;0;;;;;6.3
481;Christopher Tea Domoraud Operi;19;DEF;1;1;90;0;0;0;;0;0;0;0;;;;;7
482;Oumar Diakite;19;FWD;2;0;26;0;0;0;;0;0;0;0;;;;;6.55
483;Amad Diallo;19;FWD;4;2;185;2;0;8;;0;0;0;0;;;;;7.78
484;Mohamed Kone;19;GK;0;0;0;;;;;;;0;0;0;0;0;;
485;Guela Maho-Lewis Doue;19;DEF;4;3;277;0;0;;;1;0;0;0;;;;;
486;Ibrahim Sangare;19;MID;4;3;268;0;0;1;;0;0;0;0;;;;;7.4
487;Nicolas Pepe;19;FWD;4;3;236;2;0;6;;1;0;0;0;;;;;7.08
488;Emmanuel Elysee Djedje Agbadou;19;DEF;3;3;270;0;0;;;0;0;0;0;;;;;
489;Obite Evan Ndicka;19;DEF;0;0;0;;;;;;;0;0;;;;;
490;Evann Ludovic Vidjannagni Guessand;19;FWD;2;0;16;0;0;;;0;0;0;0;;;;;
491;Alban-Marc Lafont;19;GK;0;0;0;;;;;;;0;0;0;0;0;;
492;Bazoumana Toure;19;FWD;3;1;80;0;0;0;;0;0;0;0;;;;;6.5
493;Parfait Guiagon;19;MID;0;0;0;;;;;;;0;0;;;;;
494;Christ Ravynel Inao Oulai;19;MID;4;2;207;0;0;2;;0;0;0;0;;;;;7.08
495;Hern‡n Ismael Galindez;20;GK;4;4;360;0;0;0;;0;0;0;0;1;25;4;;7.13
496;FŽlix Eduardo Torres;20;DEF;1;0;5;0;0;0;;0;0;0;0;;;;;6.7
497;Piero Martin Hincapie;20;DEF;4;4;341;0;0;3;;1;1;0;0;;;;;6.63
498;Joel Leandro Ordonez;20;DEF;3;3;226;0;0;2;;0;0;0;0;;;;;6.53
499;Jordy Jose Alcivar;20;MID;1;1;46;0;0;1;;1;0;0;0;;;;;6.6
500;Willian Joel Pacho;20;DEF;4;4;360;0;0;1;;0;0;0;0;;;;;6.85
501;Pervis Josue Estupinan;20;DEF;2;1;90;0;0;0;;0;0;0;0;;;;;6.7
502;Anthony Lenin Valencia;20;MID;0;0;0;;;;;;;0;0;;;;;
503;John Yeboah;20;FWD;4;4;315;0;0;8;;0;0;0;0;;;;;7.03
504;Ray Kendry Paez;20;MID;1;0;11;0;0;0;;1;0;0;0;;;;;6.8
505;Kevin Jose Rodriguez;20;FWD;4;0;114;0;0;6;;0;0;0;0;;;;;6.6
506;Wellington MoisŽs Ramirez;20;GK;0;0;0;;;;;;;0;0;0;0;0;;
507;Enner Remberto Valencia;20;FWD;4;4;290;0;0;10;;0;0;0;0;;;;;6.5
508;Alan Steve Minda;20;MID;1;1;56;0;0;2;;0;0;0;0;;;;;6.2
509;Pedro Jeampierre Vite;20;MID;4;4;360;0;1;4;;0;0;0;0;;;;;7.43
510;Jordy Josue Caicedo;20;FWD;3;0;17;0;0;1;;0;0;0;0;;;;;6.3
511;çngelo Smit Preciado;20;DEF;4;0;105;0;0;0;;0;0;0;0;;;;;6.45
512;Denil Daniel Castillo;20;MID;0;0;0;;;;;;;0;0;;;;;
513;Gonzalo Jordy Plata;20;FWD;4;4;360;1;0;8;;1;0;0;0;;;;;6.83
514;Nilson David Angulo;20;FWD;4;2;217;1;0;2;;0;0;0;0;;;;;6.93
515;Alan Steven Franco;20;MID;4;4;255;0;0;0;;2;0;0;0;;;;;6.73
516;Gonzalo Roberto Valle;20;GK;0;0;0;;;;;;;0;0;0;0;0;;
517;MoisŽs Isaac Caicedo;20;MID;4;4;360;0;1;4;;1;0;0;0;;;;;7.5
518;Jeremy Alberto Arevalo;20;FWD;0;0;0;;;;;;;0;0;;;;;
519;Jackson Gabriel Porozo;20;DEF;1;0;28;0;0;0;;1;0;0;0;;;;;6.1
520;Yaimar Abel Medina;20;DEF;1;0;44;0;0;1;;0;0;0;0;;;;;6.6
521;Bart Verbruggen;21;GK;4;4;390;0;0;0;;0;0;0;0;0;12;5;;7.28
522;Lutsharel Emiliano Geertruida;21;DEF;0;0;0;;;;;;;0;0;;;;;
523;Marten Elco De Roon;21;MID;1;0;10;0;0;0;;0;0;0;0;;;;;6.6
524;Virgil Van Dijk;21;DEF;4;4;390;1;0;2;;0;0;0;0;;;;;7.45
525;Nathan Benjamin Ake;21;DEF;3;2;170;0;0;1;;1;0;0;0;;;;;6.53
526;Paul Jan-Paul Van Hecke;21;DEF;4;4;390;1;0;3;;0;0;0;0;;;;;7.65
527;Justin Dean Kluivert;21;MID;2;0;25;0;0;0;;0;0;0;0;;;;;6.4
528;Ryan Jiro Gravenberch;21;MID;4;4;347;0;2;5;;0;0;0;0;;;;;6.78
529;Wout Franois Maria Weghorst;21;FWD;1;0;49;0;0;0;;0;0;0;0;;;;;7.5
530;Memphis Depay;21;FWD;3;0;51;0;1;0;;1;0;0;0;;;;;6.43
531;Cody Maths Gakpo;21;FWD;4;4;372;3;1;10;;0;0;0;0;;;;;7.55
532;Mats Henrik Berne Wieffer;21;DEF;0;0;0;;;;;;;0;0;;;;;
533;Robin Gerardus Petrus Roefs;21;GK;0;0;0;;;;;;;0;0;0;0;0;;
534;Tijjani Martinus Jan Reijnders;21;MID;3;3;201;0;0;4;;0;0;0;0;;;;;6.63
535;Micky Van De Ven;21;DEF;3;3;266;0;0;3;;1;0;0;0;;;;;6.6
536;Guus Berend Til;21;MID;1;0;31;0;0;0;;0;0;0;0;;;;;6.6
537;Noa No‘ll Lang;21;FWD;2;0;7;0;0;0;;0;0;0;0;;;;;6.6
538;Donyell Malen;21;FWD;3;3;188;0;0;4;;0;0;0;0;;;;;6.67
539;Brian Ebenezer Adjei Brobbey;21;FWD;4;3;225;3;0;4;;0;0;0;0;;;;;7.23
540;Teun Koopmeiners;21;MID;4;0;118;0;0;2;;0;0;0;0;;;;;6.78
541;Frenkie De Jong;21;MID;4;4;331;0;0;1;;0;0;0;0;;;;;7.13
542;Denzel Justus Morris Dumfries;21;DEF;4;4;390;0;2;5;;0;0;0;0;;;;;7
543;Mark Maria Hubertus Flekken;21;GK;0;0;0;;;;;;;0;0;0;0;0;;
544;Crysencio Jilbert Sylverio Cir Summerville;21;FWD;4;2;252;2;2;2;;1;0;0;0;;;;;7.48
545;Jorrel Evan Hato;21;DEF;1;0;34;0;0;0;;0;0;0;0;;;;;6.5
546;Quinten Ryan Crispito Timber;21;MID;2;0;54;0;0;0;;0;0;0;0;;;;;6.4
547;Zion Suzuki;22;GK;4;4;360;0;0;0;;0;0;0;0;1;11;5;;7.2
548;Yukinari Sugawara;22;DEF;4;1;145;0;0;2;;0;0;0;0;;;;;6.68
549;Shogo Taniguchi;22;DEF;3;2;231;0;0;0;;1;0;0;0;;;;;6.63
550;Kou Itakura;22;DEF;2;2;129;0;0;0;;0;0;0;0;;;;;7.45
551;Yuto Nagatomo;22;DEF;1;0;15;0;0;0;;0;0;0;0;;;;;6.9
552;Shuto Machino;22;FWD;1;0;12;0;0;0;;0;0;0;0;;;;;6.4
553;Ao Tanaka;22;MID;3;2;192;0;0;2;;0;0;0;0;;;;;6.93
554;Takefusa Kubo;22;MID;1;1;75;0;1;1;;0;0;0;0;;;;;6.7
555;Keisuke Goto;22;FWD;1;0;6;0;0;0;;0;0;0;0;;;;;6.8
556;Ritsu Doan;22;MID;4;4;281;0;0;1;;0;0;0;0;;;;;6.58
557;Daizen Maeda;22;MID;3;3;246;1;0;2;;0;0;0;0;;;;;7
558;Keisuke Osako;22;GK;0;0;0;;;;;;;0;0;0;0;0;;
559;Keito Nakamura;22;MID;4;4;309;1;2;5;;0;0;0;0;;;;;7.2
560;Junya Ito;22;MID;4;2;216;1;0;3;;0;0;0;0;;;;;6.75
561;Daichi Kamada;22;MID;4;4;332;2;0;3;;1;0;0;0;;;;;6.8
562;Tsuyoshi Watanabe;22;DEF;2;1;90;0;0;0;;0;0;0;0;;;;;6.65
563;Yuito Suzuki;22;MID;1;0;12;0;0;0;;0;0;0;0;;;;;6.6
564;Ayase Ueda;22;FWD;4;4;324;2;1;9;;0;0;0;0;;;;;7.15
565;Koki Ogawa;22;FWD;3;0;40;0;1;3;;0;0;0;0;;;;;6.45
566;Ayumu Seko;22;DEF;2;1;87;0;0;0;;0;0;0;0;;;;;6.55
567;Hiroki Ito;22;DEF;4;4;360;0;0;1;;0;0;0;0;;;;;6.7
568;Takehiro Tomiyasu;22;DEF;3;2;183;0;0;1;;0;0;0;0;;;;;7.27
569;Tomoki Hayakawa;22;GK;0;0;0;;;;;;;0;0;0;0;0;;
570;Kaishu Sano;22;MID;3;3;270;1;1;1;;1;0;0;0;;;;;7.2
571;Junnosuke Suzuki;22;DEF;2;0;40;0;0;0;;1;0;0;0;;;;;6.5
572;Kento Shiogai;22;FWD;1;0;6;0;0;0;;0;0;0;0;;;;;6.5
573;Jacob Mikael Widell Zetterstrom;23;GK;2;2;180;0;0;0;;0;0;0;0;0;13;4;;7.65
574;Gustaf Johan Lagerbielke;23;DEF;4;4;360;0;0;3;;0;0;0;0;;;;;6.48
575;Victor Jšrgen Lindelof;23;DEF;4;4;357;0;0;2;;0;0;0;0;;;;;6.28
576;Isak Malcolm Kwaku Hien;23;DEF;3;3;217;0;0;0;;1;0;0;0;;;;;6.4
577;Gabriel Johan Gudmundsson;23;DEF;4;4;332;0;0;0;;1;0;0;0;;;;;6.75
578;Herman Nils Johansson;23;DEF;0;0;0;;;;;;;0;0;;;;;
579;Lucas Erik Holger Bergvall;23;MID;4;1;179;0;1;2;;1;0;0;0;;;;;6.6
580;Daniel Jonathan Svensson;23;DEF;3;1;98;0;0;1;;0;0;0;0;;;;;6.3
581;Alexander Isak;23;FWD;4;4;359;1;3;8;;0;0;0;0;;;;;6.95
582;Erik Benjamin Nygren;23;MID;4;2;131;0;0;1;;0;0;0;0;;;;;6.5
583;Anthony David Junior Elanga;23;FWD;4;2;216;2;0;3;;0;0;0;0;;;;;7.3
584;Tobias Viktor Johansson;23;GK;0;0;0;;;;;;;0;0;0;0;0;;
585;Ken Sema;23;MID;1;0;15;0;0;1;;0;0;0;0;;;;;6.7
586;Hjalmar Ekdal;23;DEF;0;0;0;;;;;;;0;0;;;;;
587;Carl Anders Theodor Starfelt;23;DEF;1;0;3;0;0;0;;0;0;0;0;;;;;6.7
588;Jesper Kewe Karlstrom;23;MID;2;2;139;0;0;1;;0;0;0;0;;;;;6.4
589;Viktor Einar Gyokeres;23;FWD;4;4;360;1;1;12;;1;0;0;0;;;;;6.95
590;Yasin Ayari;23;MID;4;4;341;2;0;7;;1;0;0;0;;;;;7.18
591;Mattias Olof Svanberg;23;MID;2;0;14;1;0;3;;0;0;0;0;;;;;7.2
592;Eric Anders Smith;23;DEF;0;0;0;;;;;;;0;0;;;;;
593;Alexander Olof Bernhardsson;23;DEF;3;3;220;0;0;1;;0;0;0;0;;;;;6.4
594;Besfort Zeneli;23;MID;2;0;59;0;0;1;;0;0;0;0;;;;;6.55
595;Bo Kristoffer Nordfeldt;23;GK;2;2;180;0;0;0;;0;0;0;0;0;8;6;;5.95
596;Elliot Karl Stroud;23;DEF;4;2;167;0;0;1;;0;0;0;0;;;;;6.63
597;HŒkan Gustaf Nilsson;23;FWD;1;0;1;0;0;1;;0;0;0;0;;;;;0
598;Taha Abdi Ali;23;FWD;2;0;35;0;0;0;;0;0;0;0;;;;;6.55
599;Abdelmouhib Chamakh;24;GK;1;1;90;0;0;0;;0;0;0;0;0;6;5;;3.7
600;Ali Abdi;24;DEF;3;3;270;0;0;1;;0;0;0;0;;;;;6
601;Montassar Omar Talbi;24;DEF;3;3;270;0;0;1;;0;0;0;0;;;;;6.27
602;Omar Rekik;24;DEF;2;2;180;1;0;1;;0;0;0;0;;;;;6.35
603;Adam Arous;24;DEF;0;0;0;;;;;;;0;0;;;;;
604;Dylan Daniel Mahmoud Bronn;24;DEF;1;1;46;0;0;0;;0;0;0;0;;;;;6.1
605;Mohamed Elyes Achouri;24;FWD;3;0;42;0;0;;;0;0;0;0;;;;;
606;Elias Saad;24;FWD;2;2;118;0;0;1;;0;0;0;0;;;;;6.4
607;Hazem Mastouri;24;FWD;1;1;90;1;0;3;;0;0;0;0;;;;;7.9
608;Hannibal Mejbri;24;MID;3;3;270;0;1;3;;0;0;0;0;;;;;7
609;Ismael Seifallah Gharbi;24;MID;3;1;125;0;0;3;;0;0;0;0;;;;;6.43
610;Ahmed Mortadha Ben Ouanes;24;DEF;1;0;23;0;0;0;;0;0;0;0;;;;;6.7
611;Rani Khedira;24;MID;3;2;152;0;0;1;;1;0;0;0;;;;;6.15
612;Khalil Ayari;24;MID;0;0;0;;;;;;;0;0;;;;;
613;Mohamed Hadj Mahmoud;24;MID;2;0;41;0;0;0;;0;0;0;0;;;;;6.6
614;Aymen Dahmen;24;GK;2;2;180;0;0;0;;0;0;0;0;0;7;7;;6.4
615;Ellyes Joris Skhiri;24;MID;3;3;252;0;0;0;;0;0;0;1;;;;;6.4
616;Rayan Elloumi;24;FWD;0;0;0;;;;;;;0;0;;;;;
617;Firas Chaouat;24;FWD;3;0;47;0;0;0;;0;0;0;0;;;;;6.47
618;Yan Valery;24;DEF;3;3;252;0;0;0;;0;0;0;0;;;;;6
619;Mohamed Amine Ben Hmida;24;DEF;3;2;201;0;0;0;;0;0;0;0;;;;;6.4
620;Sabri Ben Hessen;24;GK;0;0;0;;;;;;;0;0;0;0;0;;
621;Moutaz Neffati;24;DEF;0;0;0;;;;;;;0;0;;;;;
622;Raed Chikhaoui;24;DEF;0;0;0;;;;;;;0;0;;;;;
623;Anis Slimane;24;MID;3;3;241;0;0;1;;0;0;0;0;;;;;6.37
624;Sebastian Tounekti;24;MID;3;1;83;0;0;0;;0;0;0;0;;;;;6.3
625;Thibaut Nicolas Courtois;25;GK;6;6;551;0;0;0;;0;0;0;0;1;15;7;;7.07
626;Zeno Koen Debast;25;DEF;0;0;0;;;;;;;0;0;;;;;
627;Arthur Nicolas Theate;25;DEF;3;2;227;0;0;5;;0;0;0;0;;;;;6.87
628;Brandon Erik Mechele;25;DEF;6;6;570;0;0;5;;1;0;0;0;;;;;6.97
629;Maxim Peter De Cuyper;25;DEF;6;5;443;0;0;10;;1;0;0;0;;;;;6.72
630;Axel Laurent Witsel;25;MID;2;0;31;0;0;0;;1;0;0;0;;;;;6.4
631;Kevin De Bruyne;25;MID;5;5;387;1;0;20;;1;0;0;0;;;;;7.22
632;Youri Marion Tielemans;25;MID;5;5;475;2;0;11;;0;0;1;0;;;;;7.44
633;Romelu Lukaku;25;FWD;6;1;229;3;0;6;;1;0;0;0;;;;;6.82
634;Leandro Trossard;25;FWD;6;6;510;2;2;17;;0;0;0;0;;;;;7.52
635;Jeremy Baffour Doku;25;FWD;5;4;311;0;0;3;;0;0;0;0;;;;;6.8
636;Senne Lammens;25;GK;1;0;19;0;0;0;;0;0;0;0;0;0;0;;6.1
637;Mike Louis Penders;25;GK;0;0;0;;;;;;;0;0;0;0;0;;
638;Dodi Lukebakio;25;FWD;3;1;163;0;0;7;;0;0;0;0;;;;;6.83
639;Thomas Andre Meunier;25;DEF;3;2;190;0;1;2;;0;0;0;0;;;;;6.7
640;Koni De Winter;25;DEF;0;0;0;;;;;;;0;0;;;;;
641;Charles Marc De Ketelaere;25;FWD;5;5;354;3;0;6;;0;0;0;0;;;;;7.12
642;Joaquin Ronny Seys;25;DEF;1;0;29;0;0;0;;0;0;0;0;;;;;6.5
643;Diego Manuel Moreira;25;MID;1;0;57;0;0;0;;0;0;0;0;;;;;6.9
644;Hans Vanaken;25;MID;6;3;318;1;0;5;;0;0;0;0;;;;;6.83
645;Timothy Castagne;25;DEF;6;5;478;0;1;3;;1;0;0;0;;;;;6.97
646;Alexis Jesse Saelemaekers;25;MID;4;1;81;1;0;4;;0;0;0;0;;;;;7.03
647;Nicolas Thierry Raskin;25;MID;6;3;340;0;1;2;;0;0;0;0;;;;;7.17
648;Amadou Ba Onana;25;MID;4;2;106;0;0;2;;0;0;0;0;;;;;6.73
649;Nathan Ngoy;25;DEF;4;4;360;0;0;1;;0;1;0;0;;;;;6.83
650;Matias Fernandez-Pardo;25;FWD;3;0;41;0;0;3;;0;0;0;0;;;;;6.6
651;Elsayed Mohamed Mohamed Elshenawy;26;GK;0;0;0;;;;;;;0;0;0;0;0;;
652;Ahmed Ibrahim Yasser;26;DEF;5;4;466;1;0;;;1;0;0;0;;;;;
653;Hany Gamal Mohamed Hany;26;DEF;5;5;480;0;1;4;;0;0;0;2;;;;;6.38
654;Abdelmegeed Abdelsalam Hossam Abdelmaguid;26;DEF;2;0;59;0;0;0;;0;0;0;0;;;;;7.25
655;Abdelaziz Moustafa Ramy Rabia;26;DEF;5;3;368;0;0;1;;0;0;0;0;;;;;7.1
656;Abdelmoneim Elsayed Mohamed;26;DEF;2;1;15;0;0;;;0;0;0;0;;;;;
657;Ahmed Ibrahim Trezeguet;26;FWD;4;1;161;1;0;8;;0;0;0;0;;;;;6.68
658;Ashour Metwaly Emam;26;MID;5;5;367;2;0;;;1;0;0;0;;;;;
659;Mohamed Abdelkarim Hamza;26;FWD;4;0;56;0;0;;;0;0;0;0;;;;;
660;Hamed Mahrous Mohamed Salah;26;FWD;5;5;427;1;3;9;;0;0;0;0;;;;;7.18
661;Mohamed Zaky Mostafa Zico;26;MID;5;5;375;2;1;8;;0;0;0;0;;;;;6.82
662;Yousry Fouad Haissem Hassan;26;FWD;2;1;126;0;1;1;;1;0;0;0;;;;;6.9
663;Mohamed Aboelfetouh Ahmed Fatouh;26;DEF;3;3;268;0;0;;;1;0;0;0;;;;;
664;Fathy Abdelhalim Hamdy Fathy;26;MID;4;3;240;0;0;0;;1;0;0;0;;;;;6.75
665;Hafez Ramadan Karim Hafez;26;DEF;3;2;172;0;0;1;;0;0;0;0;;;;;6.65
666;Mohamed Soliman Mahdy Soliman;26;GK;0;0;0;;;;;;;0;0;0;0;0;;
667;Mostafa Ahmed Mohanad Lashin;26;MID;4;4;360;0;0;2;;2;0;0;0;;;;;6.9
668;Aly Elmahdy Nabil;26;MID;0;0;0;;;;;;;0;0;;;;;
669;Attia Fahim Marawan Attia;26;MID;5;4;433;0;0;4;;2;0;0;0;;;;;7.12
670;Adel Aly Mohamed Ibrahim;26;FWD;1;0;2;0;0;;;0;0;0;0;;;;;
671;Saber Abdelmohsen Mahmoud;26;MID;2;1;47;1;0;0;;1;0;0;0;;;;;7.25
672;Mohamed Abdelsalam Omar;26;FWD;5;3;326;0;0;;;0;0;0;0;;;;;
673;Abdelaziz Mohame Mostafa;26;GK;5;5;480;0;0;9;;1;0;0;0;0;11;7;;7.18
674;Abdelghaffar Abdel Tarek Alaa;26;DEF;0;0;0;;;;;;;0;0;;;;;
675;Mostafa Mohamed Zizo;26;FWD;4;0;54;0;0;;;0;0;0;0;;;;;
676;Alaaeldin Soliman Mohamed Alaa;26;GK;0;0;0;;;;;;;0;0;0;0;0;;
677;Ali Reza Beiranvand;27;GK;3;3;270;0;0;0;;0;0;0;0;1;16;3;;7.63
678;Saleh Hardani;27;DEF;2;1;90;0;0;0;;0;0;0;0;;;;;7.05
679;Ehsan Hajisafi;27;DEF;2;1;91;0;0;1;;1;0;0;0;;;;;6.7
680;Shojae Khalilzadeh;27;DEF;3;3;270;0;0;2;;1;0;0;0;;;;;7.07
681;Milad Mohammadi;27;DEF;3;2;204;0;0;1;;0;0;0;0;;;;;6.6
682;Saeid Ezatolahi;27;MID;3;3;265;0;0;6;;2;0;0;0;;;;;6.93
683;Alireza Jahanbakhsh;27;MID;2;0;45;0;0;1;;0;0;0;0;;;;;6.7
684;Mohammad Mohebbi;27;MID;3;3;246;1;0;2;;0;0;0;0;;;;;6.83
685;Mehdi Taremi;27;FWD;3;3;260;0;0;5;;0;0;0;0;;;;;6.67
686;Mehdi Ghayedi;27;FWD;1;0;45;0;0;1;;0;0;0;0;;;;;6.6
687;Ali Alipour;27;FWD;1;0;37;0;0;1;;0;0;0;0;;;;;6.6
688;Seyedpayam Niazmand;27;GK;0;0;0;;;;;;;0;0;0;0;0;;
689;Mohammadhossein Kanani;27;DEF;2;2;136;0;0;1;;1;0;0;0;;;;;6.8
690;Seyed Saman Ghoddos;27;MID;3;3;211;0;0;4;;0;0;0;0;;;;;6.67
691;Roozbeh Cheshmi;27;MID;0;0;0;;;;;;;0;0;;;;;
692;Mahdi Torabi;27;MID;1;0;24;0;0;0;;0;0;0;0;;;;;6.7
693;Arya Yousefi;27;DEF;1;1;45;0;0;1;;0;0;0;0;;;;;6.8
694;Amirhossein Hosseinzadeh;27;FWD;2;0;15;0;0;1;;0;0;0;0;;;;;6.5
695;Ali Nemati;27;DEF;3;3;270;0;0;1;;1;0;0;0;;;;;6.77
696;Shahriyar Moghanloo;27;FWD;3;1;87;0;0;3;;0;0;0;0;;;;;6.7
697;Mohammad Ghorbani;27;MID;1;1;90;0;0;2;;0;0;0;0;;;;;6.6
698;Seyedhossein Hosseini;27;GK;0;0;0;;;;;;;0;0;0;0;0;;
699;Ramin Rezaeian;27;DEF;3;3;270;2;1;4;;0;0;0;0;;;;;7.57
700;Dennis Dargahi;27;FWD;0;0;0;;;;;;;0;0;;;;;
701;Danial Iri;27;DEF;0;0;0;;;;;;;0;0;;;;;
702;Amirmohammad Razaghinia;27;MID;0;0;0;;;;;;;0;0;;;;;
703;Maxime Teremoana Crocombe;28;GK;3;3;270;0;0;0;;0;0;0;0;0;18;10;;6.33
704;Timothy John Payne;28;DEF;3;3;227;0;1;1;;0;0;0;0;;;;;6.03
705;Francis De Vries;28;DEF;2;0;16;0;0;0;;0;0;0;0;;;;;6.2
706;Tyler Grant Bindon;28;DEF;3;1;96;0;0;2;;0;0;0;0;;;;;6.45
707;Michael Joseph Boxall;28;DEF;3;2;206;0;0;0;;0;0;0;0;;;;;6.17
708;Joe Zen Robert Bell;28;MID;3;3;244;0;0;1;;0;0;0;0;;;;;6.6
709;Logan Tipene Rogerson;28;FWD;0;0;0;;;;;;;0;0;;;;;
710;Marko Seufatu Nikola Stamenic;28;MID;3;3;270;0;0;3;;1;0;0;0;;;;;6.83
711;Christopher Grant Wood;28;FWD;3;3;270;0;2;5;;0;0;0;0;;;;;6.53
712;Sarpreet Singh;28;MID;3;3;212;0;0;4;;1;0;0;0;;;;;6.3
713;Elijah Henry Just;28;MID;3;3;265;3;0;7;;1;0;0;0;;;;;7.83
714;Alexander Noah Paulsen;28;GK;0;0;0;;;;;;;0;0;0;0;0;;
715;Liberato Gianpaolo Cacace;28;DEF;3;3;223;0;0;1;;0;0;0;0;;;;;6.5
716;Alex Arthur Rufer;28;MID;0;0;0;;;;;;;0;0;;;;;
717;Nando Zen Pijnaker;28;DEF;0;0;0;;;;;;;0;0;;;;;
718;Finn Surman;28;DEF;3;3;270;1;0;2;;0;0;0;0;;;;;6.8
719;Kosta Barbarouses;28;FWD;0;0;0;;;;;;;0;0;;;;;
720;Benjamin Peter Waine;28;FWD;0;0;0;;;;;;;0;0;;;;;
721;Benjamin Craig Old;28;MID;3;0;90;0;0;0;;0;0;0;0;;;;;6.53
722;Callum McCowatt;28;MID;3;2;160;0;0;4;;1;0;0;0;;;;;6.33
723;Jesse Carmichael Randall;28;FWD;3;0;59;0;0;1;;0;0;0;0;;;;;6.55
724;Michael Cornelis Woud;28;GK;0;0;0;;;;;;;0;0;0;0;0;;
725;Ryan Jared Thomas;28;MID;3;1;82;0;0;0;;0;0;0;0;;;;;6.5
726;Callan Rennie Elliot;28;DEF;1;0;12;0;0;0;;0;0;0;0;;;;;7
727;Lachlan Ryan Bayliss;28;MID;0;0;0;;;;;;;0;0;;;;;
728;Thomas Jefferson Smith;28;DEF;0;0;0;;;;;;;0;0;;;;;
729;David Raya;29;GK;0;0;0;;;;;;;0;0;0;0;0;;
730;Marc Pubill;29;DEF;1;0;1;0;0;0;;0;0;0;0;;;;;0
731;Alejandro Grimaldo;29;DEF;0;0;0;;;;;;;0;0;;;;;
732;Eric Garcia;29;DEF;1;0;21;0;0;0;;0;0;0;0;;;;;6.7
733;Marcos Llorente;29;DEF;3;2;186;0;1;0;;0;0;0;0;;;;;7.27
734;Mikel Merino;29;MID;8;1;194;2;0;5;;0;0;0;0;;;;;6.88
735;Ferran Torres;29;FWD;8;1;282;1;1;14;;1;0;0;0;;;;;6.46
736;Fabian Ruiz;29;MID;8;4;323;1;0;8;;0;0;0;0;;;;;6.91
737;Pablo Gavi;29;MID;2;1;76;0;0;1;;0;0;0;0;;;;;6.65
738;Daniel Olmo;29;FWD;8;6;494;0;2;13;;0;0;0;0;;;;;7.01
739;Yeremy Jesœs Pino;29;FWD;2;0;68;0;0;0;;0;0;0;0;;;;;6.35
740;Pedro Antonio Porro;29;DEF;6;6;564;2;0;7;;0;0;0;0;;;;;7.45
741;Joan Garcia;29;GK;0;0;0;;;;;;;0;0;0;0;0;;
742;Aymeric Laporte;29;DEF;8;8;729;0;1;5;;1;0;0;0;;;;;7.4
743;Alejandro Baena;29;MID;7;7;487;1;1;12;;1;0;0;0;;;;;7.04
744;Rodrigo Rodri;29;MID;8;8;747;0;0;7;;0;0;0;0;;;;;7.76
745;Nicholas Williams;29;FWD;6;0;108;0;1;4;;0;0;0;0;;;;;6.5
746;Martin Zubimendi;29;MID;0;0;0;;;;;;;0;0;;;;;
747;Lamine Yamal Yamal;29;FWD;8;7;616;1;0;27;;0;0;0;0;;;;;7.16
748;Pedro Pedri;29;MID;8;5;499;0;0;;;1;0;0;0;;;;;
749;Mikel Oyarzabal;29;FWD;8;8;607;5;1;23;;0;0;1;0;;;;;7.14
750;Pau Cubarsi;29;DEF;8;8;750;0;0;4;;1;0;0;0;;;;;7.56
751;Unai Simon;29;GK;8;8;750;0;0;0;;0;0;0;0;7;16;1;;6.95
752;Marc Cucurella;29;DEF;8;8;750;0;2;5;;1;0;0;0;;;;;7.09
753;Victor Munoz;29;FWD;0;0;0;;;;;;;0;0;;;;;
754;Borja Iglesias;29;FWD;1;0;1;0;0;0;;0;0;0;0;;;;;0
755;JosŽ Vozinha;30;GK;4;4;390;0;0;0;;0;0;0;0;2;23;5;;7.88
756;Ianique Stopira;30;DEF;0;0;0;;;;;;;0;0;;;;;
757;Alberto Diney;30;DEF;4;4;390;1;0;;;1;0;0;0;;;;;
758;Carlos Pico Lopes;30;DEF;4;4;390;0;0;;;0;0;0;0;;;;;
759;Evans Logan Costa;30;DEF;0;0;0;;;;;;;0;0;;;;;
760;Lenini Kevin Pina;30;MID;4;4;350;1;0;5;;0;0;0;0;;;;;7.05
761;Eduardo Jovane;30;MID;2;2;141;0;0;;;0;0;0;0;;;;;
762;Paulo Joao Paulo;30;MID;2;1;104;0;0;2;;0;0;0;0;;;;;7.1
763;BENCHIMOLGilson Gilson;30;FWD;2;1;78;0;0;;;0;0;0;0;;;;;
764;Gregory Jamiro Monteiro;30;MID;4;3;283;0;0;5;;0;0;0;0;;;;;6.45
765;RODRIGUESGarry Garry;30;MID;2;1;77;0;0;;;0;0;0;0;;;;;
766;Salom‹o Marcio;30;GK;0;0;0;;;;;;;0;0;0;0;0;;
767;CABRALSidny Sidny Lopes;30;DEF;3;3;286;1;0;;;2;0;0;0;;;;;
768;Deroy Deroy Duarte;30;MID;4;2;263;1;0;3;;0;0;0;0;;;;;7.03
769;Michael Laros Duarte;30;MID;4;2;167;0;0;3;;0;0;0;0;;;;;6.63
770;SEMEDOJair Yannick;30;MID;2;0;30;0;0;;;0;0;0;0;;;;;
771;Johnson Willy;30;MID;3;1;130;0;0;;;0;0;0;0;;;;;
772;Emanuel Telmo;30;MID;2;1;57;0;0;;;0;0;0;0;;;;;
773;Dailon Dailon Livramento;30;FWD;3;2;175;0;0;1;;0;0;0;0;;;;;6.43
774;Isaac Ryan;30;FWD;4;4;331;0;0;;;0;0;0;0;;;;;
775;Miguel Nuno Da Costa;30;MID;4;1;157;0;0;1;;0;0;0;0;;;;;6.65
776;MOREIRASteven Steven;30;DEF;4;3;301;0;0;;;0;0;0;0;;;;;
777;Joaquim Cj Dos Santos;30;GK;0;0;0;;;;;;;0;0;0;0;0;;
778;Fabricio Wagner Pina;30;DEF;1;1;90;0;0;1;;1;0;0;0;;;;;6.9
779;PIRESKelvin Kelvin;30;DEF;0;0;0;;;;;;;0;0;;;;;
780;Sandro Helio Varela;30;MID;3;0;101;1;0;3;;0;0;0;0;;;;;6.87
781;Dhahi Nawaf Alaqidi;31;GK;0;0;0;;;;;;;0;0;0;0;0;;
782;Hassan Ali Majrashi;31;DEF;0;0;0;;;;;;;0;0;;;;;
783;Mohammed Ali Lajami;31;DEF;3;1;148;0;0;0;;0;0;0;0;;;;;6.9
784;Ali Abdulelah Alamri;31;DEF;3;3;240;1;0;4;;1;0;0;0;;;;;6.93
785;Mohammed Hassan Altambakti;31;DEF;3;3;213;0;0;0;;0;0;0;1;;;;;6.2
786;Essa Nasser Aldawsari;31;MID;3;2;207;0;0;1;;1;0;0;0;;;;;6.7
787;Fahad Musab Aljuwayr;31;MID;3;2;153;0;0;0;;0;0;0;0;;;;;6.43
788;Yahya Aiman Yahya;31;FWD;0;0;0;;;;;;;0;0;;;;;
789;Tariq Feras;31;FWD;3;3;240;0;0;;;1;0;0;0;;;;;
790;Mohammed Salem Aldawsari;31;FWD;3;3;245;0;0;3;;1;0;0;0;;;;;6.4
791;Khalid Saleh;31;FWD;0;0;0;;;;;;;0;0;;;;;
792;Abdullah Saud Abdulhamid;31;DEF;3;3;270;0;0;2;;1;0;0;0;;;;;6.53
793;Meshari Nawaf Bu Washl;31;DEF;2;1;91;0;0;0;;0;0;0;0;;;;;6.65
794;Kadish Hassan;31;DEF;0;0;0;;;;;;;0;0;;;;;
795;Mohammed Abdullah Alkhaibari;31;MID;3;3;182;0;0;1;;0;0;0;0;;;;;6.53
796;Mubarak Ziyad Aljohani;31;MID;0;0;0;;;;;;;0;0;;;;;
797;Essa Khalid Alghannam;31;FWD;1;0;1;0;0;0;;0;0;0;0;;;;;6.4
798;Mohsen Ala Alhajji;31;MID;2;0;31;0;0;0;;0;0;0;0;;;;;6.6
799;Abdulrahman Abdullah Alhamddan;31;FWD;3;0;70;0;0;2;;0;0;0;0;;;;;6.3
800;Ahmed Sultan Mandash;31;FWD;1;1;65;0;0;0;;0;0;0;0;;;;;7.1
801;Khalil Mohammed Alowais;31;GK;3;3;270;0;0;0;;0;0;0;0;1;18;5;;7.33
802;Ali Ahmed;31;GK;0;0;0;;;;;;;0;0;0;0;0;;
803;Ibrahim Mohamed;31;MID;3;2;224;0;0;3;;1;0;0;0;;;;;6.93
804;Saad Moteb Alharbi;31;DEF;3;2;188;0;0;0;;0;0;0;0;;;;;6.33
805;Abdullatif Jehad Thikri;31;DEF;0;0;0;;;;;;;0;0;;;;;
806;Waheeb Mohammed Abu Alshamat;31;DEF;3;1;136;0;0;1;;0;0;0;0;;;;;6.6
807;Sergio Ram—n Rochet;32;GK;1;0;44;0;0;0;;0;0;0;0;0;0;0;;6.5
808;JosŽ Mar’a Gimenez;32;DEF;0;0;0;;;;;;;0;0;;;;;
809;Sebasti‡n Enzo Caceres;32;DEF;3;3;270;0;0;3;;0;0;0;0;;;;;6.53
810;Ronald Federico Araujo;32;DEF;0;0;0;;;;;;;0;0;;;;;
811;Manuel Ugarte;32;MID;3;3;187;0;0;3;;0;0;0;0;;;;;6.5
812;Rodrigo Bentancur;32;MID;3;3;270;0;0;4;;1;0;0;0;;;;;6.93
813;Diego Nicol‡s De La Cruz;32;MID;3;0;83;0;0;4;;1;0;0;0;;;;;7.07
814;Federico Santiago Valverde;32;MID;3;3;236;0;1;10;;0;0;0;0;;;;;6.7
815;Darwin Gabriel Nunez;32;FWD;3;2;156;0;0;2;;0;0;0;0;;;;;6.37
816;Giorgian Daniel De Arrascaeta;32;MID;0;0;0;;;;;;;0;0;;;;;
817;Facundo Pellistri;32;FWD;0;0;0;;;;;;;0;0;;;;;
818;Santiago Andres Mele;32;GK;0;0;0;;;;;;;0;0;0;0;0;;
819;Guillermo Varela;32;DEF;3;3;270;0;0;2;;1;0;0;0;;;;;6.47
820;Agustin Canobbio;32;MID;3;2;224;1;0;4;;0;0;0;0;;;;;6.83
821;Emiliano Martinez;32;MID;0;0;0;;;;;;;0;0;;;;;
822;Math’as Olivera;32;DEF;3;3;270;0;0;1;;1;0;0;0;;;;;7
823;Mat’as Nicolas Vina;32;DEF;1;1;46;0;0;0;;0;0;0;0;;;;;6.2
824;Paul Brian Rodriguez;32;FWD;3;0;38;0;0;3;;0;0;0;0;;;;;6.5
825;Rodrigo Sebastian Aguirre;32;FWD;1;0;1;0;0;0;;0;0;0;0;;;;;6.3
826;Maximiliano Javier Araujo;32;MID;3;3;252;2;1;4;;0;0;0;0;;;;;7.37
827;Federico Sebastian Vinas;32;FWD;3;2;194;0;0;6;;0;0;0;0;;;;;6.6
828;Joaquin Piquerez;32;MID;0;0;0;;;;;;;0;0;;;;;
829;Nestor Fernando Muslera;32;GK;3;3;226;0;0;0;;0;0;0;0;0;9;4;;5.8
830;Santiago Ignacio Bueno;32;DEF;0;0;0;;;;;;;0;0;;;;;
831;Juan Manuel Sanabria;32;MID;3;2;204;0;0;3;;1;0;0;0;;;;;6.67
832;Radrigo Zalazar;32;MID;0;0;0;;;;;;;0;0;;;;;
833;Brice Lauriche Samba;33;GK;0;0;0;;;;;;;0;0;0;0;0;;
834;Malo Arthur Gusto;33;DEF;4;1;116;0;0;;;0;0;0;0;;;;;
835;Lucas Digne;33;DEF;5;4;374;0;0;;;0;0;0;0;;;;;
836;Dayotchanculle Oswald Upamecano;33;DEF;8;7;661;0;1;4;;0;0;0;0;;;;;7.21
837;Jules Olivier Kounde;33;DEF;8;7;605;0;0;2;;0;0;0;0;;;;;6.75
838;Emmanuel Boris Kone;33;MID;5;4;405;0;0;6;;0;0;0;0;;;;;6.86
839;Masour Ousmane Dembele;33;FWD;7;6;513;6;1;;;0;0;0;0;;;;;
840;AurŽlien Djani Tchouameni;33;MID;5;5;450;0;1;;;1;0;0;0;;;;;
841;Marcus Lilian Thuram;33;FWD;1;0;1;0;0;0;;0;0;0;0;;;;;0
842;Kylian Mbappe;33;FWD;8;8;698;10;4;41;;1;0;1;0;;;;;8.24
843;Michael Akpovie Olise;33;FWD;8;8;649;0;8;20;;0;0;0;0;;;;;7.33
844;Bradley Jean-Manuel Essolisa Barcola;33;FWD;7;3;323;3;1;;;0;0;0;0;;;;;
845;N'golo Kante;33;MID;0;0;0;;;;;;;0;0;;;;;
846;Adrien Thibault Marie Rabiot;33;MID;6;6;495;0;1;;;1;0;0;0;;;;;
847;Ibrahima Konate;33;DEF;2;1;59;0;0;0;;0;0;0;0;;;;;6.1
848;Mike Peterson Maignan;33;GK;8;8;720;0;0;0;;0;0;0;0;4;16;10;;6.79
849;William Alain AndrŽ Gabriel Saliba;33;DEF;6;6;480;0;0;1;;0;0;0;0;;;;;6.85
850;Warren Marie Jean-Pierre Zaire-Emery;33;MID;2;2;180;0;0;1;;0;0;0;0;;;;;6.6
851;ThŽo Bernard Franois Hernandez;33;DEF;5;3;256;0;0;3;;0;0;0;0;;;;;6.42
852;DŽsirŽ Nonka-Maho Doue;33;FWD;7;4;369;1;1;;;0;0;0;0;;;;;
853;Lucas Francois Bernard Hernandez;33;DEF;0;0;0;;;;;;;0;0;;;;;
854;Jean-Philippe Mateta;33;FWD;3;0;22;0;0;3;;0;0;0;0;;;;;6.43
855;Robin Franois Philippe Risser;33;GK;0;0;0;;;;;;;0;0;0;0;0;;
856;Mathis Rayan Cherki;33;MID;7;2;209;0;0;1;;0;0;0;0;;;;;6.61
857;Maghnes Akliouche;33;MID;1;0;7;0;0;0;;0;0;0;0;;;;;6.5
858;Maxence Guy Lacroix;33;DEF;4;3;330;0;0;;;0;0;0;0;;;;;
859;Yehvann Djibril Victor Diouf;34;GK;0;0;0;;;;;;;0;0;0;0;0;;
860;Mamadou Sarr;34;DEF;0;0;0;;;;;;;0;0;;;;;
861;Kalidou Koulibaly;34;DEF;2;2;162;0;0;0;;0;0;0;0;;;;;5.75
862;Abdoulaye Seck;34;DEF;1;1;58;0;1;2;;1;0;0;0;;;;;6.9
863;Idrissa Gana Gueye;34;MID;4;4;363;0;0;5;;0;0;0;0;;;;;7.2
864;Ismaila Pathe Ciss;34;MID;4;1;181;0;0;17;;0;0;0;0;;;;;7.55
865;Assane Diao;34;FWD;1;0;9;0;0;0;;0;0;0;0;;;;;6.6
866;Lamine Camara;34;MID;4;3;248;0;1;3;;1;0;0;0;;;;;6.63
867;Ahmadou Bamba Mbacke Dieng;34;FWD;1;0;7;0;0;0;;0;0;0;0;;;;;6.4
868;Sadio Mane;34;FWD;4;4;363;0;1;6;;0;0;0;0;;;;;6.9
869;Nicolas Jackson;34;FWD;4;2;234;0;1;7;;0;0;0;0;;;;;6.55
870;Pape Cherif Ndiaye;34;FWD;0;0;0;;;;;;;0;0;;;;;
871;Iliman Cheikh Baroy Ndiaye;34;FWD;3;1;114;1;2;3;;0;0;0;0;;;;;7.37
872;Ismail Joshua Jakobs;34;DEF;3;2;219;0;0;1;;0;0;0;0;;;;;6.53
873;Krepin Diatta;34;DEF;4;4;390;0;0;1;;0;0;0;0;;;;;6.83
874;Edouard Osoque Mendy;34;GK;2;2;153;0;0;0;;0;0;0;0;0;7;6;;6.45
875;Pape Matar Sarr;34;MID;2;0;65;0;0;4;;0;0;0;0;;;;;6.45
876;Ismaila Sarr;34;FWD;4;4;366;4;1;17;;0;0;0;0;;;;;7.55
877;Moussa Niakhate;34;DEF;4;4;390;0;1;1;;0;0;0;0;;;;;7.08
878;Ibrahim Mbaye;34;FWD;4;1;154;1;0;4;;0;0;0;0;;;;;6.95
879;Habib Mbacke Diarra;34;MID;3;2;144;2;0;4;;0;0;0;0;;;;;7
880;Bara Sapoko Ndiaye;34;MID;1;0;25;0;0;1;;0;0;0;0;;;;;6.6
881;Mory Diaw;34;GK;3;2;237;0;0;0;;0;0;0;0;1;3;3;;6.63
882;Antoine Alpha Mendy;34;DEF;0;0;0;;;;;;;0;0;;;;;
883;El Hadji Malick Diouf;34;DEF;3;2;171;0;0;0;;0;0;0;0;;;;;6.2
884;Pape Alassane Gueye;34;MID;4;3;237;2;1;8;;1;0;0;0;;;;;7.33
885;Talib Raheem Fahad Talib;35;GK;0;0;0;;;;;;;0;0;0;0;0;;
886;Ghareeb Solaka Rebin Sulaka;35;DEF;2;1;120;0;0;1;;0;1;0;0;;;;;4.65
887;Haydar Hussein Hussein;35;DEF;2;2;163;0;0;3;;0;0;0;0;;;;;6.9
888;Tahseen Abd Zaid Zaid;35;DEF;2;2;150;0;0;;;1;0;0;0;;;;;
889;Hashim Rahman Akam Hashim;35;DEF;3;3;270;0;0;1;;0;0;0;0;;;;;6.23
890;Younus Hashim Munaf Younus;35;DEF;1;0;74;0;0;0;;0;0;0;0;;;;;5.9
891;Wali Faeq Youssef Amyn;35;MID;1;0;30;0;0;0;;0;0;0;0;;;;;6.5
892;Bayesh Kamil Ibrahim Bayesh;35;MID;3;3;236;0;0;1;;0;0;0;0;;;;;6.4
893;Ibrahim Karim Ali Alhamadi;35;FWD;3;2;180;0;0;6;;0;0;0;0;;;;;6.5
894;Ali Kadhim Mohanad Ali;35;FWD;1;0;12;0;0;0;;0;0;0;0;;;;;6.5
895;Ihab Ahmed Ahmed;35;FWD;3;2;123;0;0;0;;0;0;0;0;;;;;6.37
896;Hasan Hachim Jalal Hassan;35;GK;2;1;134;0;0;0;;0;0;0;0;0;7;4;;6.5
897;Yousif Hashim Ali Yousif;35;FWD;1;0;33;0;0;0;;0;0;0;0;;;;;6.6
898;Aamar Iqbal Zidane;35;MID;3;2;188;0;0;0;;0;0;0;0;;;;;6.57
899;Hasan Maknazi Ahmed Maknazi;35;DEF;1;0;33;0;0;0;;0;0;0;0;;;;;6.1
900;Fouad Aboud Amir Alammari;35;MID;3;3;248;0;1;0;;2;0;0;0;;;;;6.57
901;Jasim Elaibi Ali Jasim;35;FWD;2;2;130;0;0;4;;0;0;0;0;;;;;6.35
902;Hussein Ghadhban Aymen;35;FWD;2;2;116;1;0;1;;0;0;0;1;;;;;6.05
903;Yakob William Kevin Yakob;35;MID;1;0;23;0;0;1;;0;0;0;0;;;;;6.3
904;Hazar Anwar Aimar;35;MID;1;0;22;0;0;;;0;0;0;0;;;;;
905;Jabbar Hussein Marko Farji;35;FWD;2;0;53;0;0;0;;0;0;0;0;;;;;6.7
906;Basil Fadhil Ahmed;35;GK;2;2;136;0;0;;;0;0;0;0;0;9;8;;
907;Ghazi Salih Merchas;35;DEF;3;3;270;0;0;;;1;0;0;0;;;;;
908;Ismael Khaleel Zaid Ismael;35;MID;2;2;119;0;0;0;;0;0;0;0;;;;;6.65
909;Saadoon Abbood Mustafa;35;DEF;1;0;17;0;0;;;0;0;0;0;;;;;
910;Dhia Jirjis Frans;35;DEF;1;1;90;0;0;;;0;0;0;0;;;;;
911;¯rjan Haskjold Nyland;36;GK;5;5;480;0;0;0;;0;0;0;0;0;17;7;;7.32
912;Morten Thorsby;36;MID;1;0;44;0;0;0;;0;0;0;0;;;;;6.3
913;Kristoffer Vassbakk Kšpp Ajer;36;DEF;5;5;480;0;0;2;;1;0;0;0;;;;;6.84
914;Leo Skiri Ostigard;36;DEF;5;1;144;1;0;3;;0;0;0;0;;;;;6.55
915;David M¿ller Moller Wolfe;36;DEF;5;5;433;0;1;0;;0;0;0;0;;;;;6.76
916;Patrick Berg;36;MID;6;4;443;0;2;3;;1;0;0;0;;;;;6.92
917;Alexander Sorloth;36;FWD;5;5;341;0;0;5;;0;0;0;0;;;;;6.44
918;Sander Gard Bolin Berge;36;MID;5;5;480;0;0;0;;0;0;0;0;;;;;6.9
919;Erling Braut Haaland;36;FWD;5;5;465;7;0;20;;0;0;0;0;;;;;7.9
920;Mart’n Odegaard;36;MID;5;5;471;0;3;9;;0;0;0;0;;;;;6.94
921;J¿rgen Strand Strand Larsen;36;FWD;2;1;105;0;0;2;;0;0;0;0;;;;;6.1
922;Sander Tangvik;36;GK;0;0;0;;;;;;;0;0;0;0;0;;
923;Egil Selvik;36;GK;1;1;90;0;0;0;;0;0;0;0;0;4;4;;6.7
924;Fredrik Aursnes;36;MID;6;3;303;0;0;2;;0;0;0;0;;;;;6.72
925;Fredrik AndrŽ Bjorkan;36;DEF;1;1;46;0;0;0;;0;0;0;0;;;;;6
926;Marcus Holmgren Holmgren Pedersen;36;DEF;4;1;234;1;0;1;;0;0;0;0;;;;;6.5
927;Torbj¿rn Lysaker Heggem;36;DEF;5;5;444;0;0;1;;0;0;0;0;;;;;6.74
928;Kristian Thorstvedt;36;MID;2;1;63;0;0;3;;0;0;0;0;;;;;6.6
929;Thelonious Gerard Aasgaard;36;MID;1;1;90;1;0;2;;0;0;0;0;;;;;7.9
930;Antonio Eromonsele Nordby Nusa;36;FWD;6;4;319;1;0;6;;1;0;0;0;;;;;6.62
931;Andreas R¾dergŒrd Schjelderup;36;MID;6;2;251;1;2;3;;0;0;0;0;;;;;7.07
932;Oscar Bobb;36;MID;6;1;222;0;0;4;;0;0;0;0;;;;;6.78
933;Jens Petter Hauge;36;MID;1;0;7;0;0;0;;0;0;0;0;;;;;6.3
934;Sondre Klingen Langas;36;DEF;1;0;24;0;0;0;;0;0;0;0;;;;;6.3
935;Henrik S¾lebakke Falchener;36;DEF;1;1;66;0;0;0;;0;0;0;0;;;;;5.6
936;Julian Ryerson;36;FWD;4;4;226;0;0;0;;0;0;0;0;;;;;6.88
937;Juan Agust’n Musso;37;GK;0;0;0;;;;;;;0;0;0;0;0;;
938;Marcos Nicol‡s Senesi;37;DEF;2;1;109;0;0;1;;0;0;0;0;;;;;6.6
939;Nicol‡s Alejandro Tagliafico;37;DEF;7;5;478;0;0;0;;0;0;0;0;;;;;6.66
940;Gonzalo Ariel Montiel;37;DEF;6;2;189;0;0;1;;0;0;0;0;;;;;6.62
941;Leandro Daniel Paredes;37;MID;7;4;473;0;0;4;;2;1;0;0;;;;;7.21
942;Lisandro Martinez;37;DEF;7;7;625;1;0;4;;2;0;0;0;;;;;7.29
943;Rodrigo Javier De Paul;37;MID;7;6;494;0;1;2;;0;0;0;0;;;;;6.97
944;Valentin Barco;37;MID;1;0;19;0;0;0;;0;0;0;0;;;;;6.8
945;Juli‡n Alvarez;37;FWD;8;5;601;2;0;11;;0;0;0;0;;;;;6.58
946;Lionel AndrŽs Messi;37;FWD;8;7;740;8;4;35;;0;0;1;0;;;;;8.79
947;Giovani Lo Celso;37;MID;1;1;60;1;0;1;;0;0;0;0;;;;;7.9
948;Geronimo Rulli;37;GK;0;0;0;;;;;;;0;0;0;0;0;;
949;Cristian Gabriel Romero;37;DEF;7;7;611;1;0;3;;2;0;0;0;;;;;7.17
950;Exequiel Alejandro Palacios;37;MID;1;1;90;0;0;0;;0;0;0;0;;;;;6.8
951;Nicolas Ivan Gonzalez;37;MID;7;1;255;0;1;7;;0;0;0;0;;;;;6.81
952;Thiago Ezequiel Almada;37;FWD;5;3;242;0;0;5;;1;0;0;0;;;;;6.82
953;Giuliano Simeone;37;FWD;3;2;194;0;0;1;;0;0;0;0;;;;;6.17
954;Nicolas Paz;37;FWD;2;1;70;0;0;1;;0;0;0;0;;;;;6.65
955;Nicolas Hernan Gonzalo Otamendi;37;DEF;7;1;244;0;0;1;;0;0;0;0;;;;;6.8
956;Alexis Mac Allister;37;MID;8;7;750;1;1;13;;1;0;0;0;;;;;6.74
957;Jose Manuel Alberto Lopez;37;FWD;2;0;18;0;1;1;;1;0;0;0;;;;;6.45
958;Lautaro Javier Martinez;37;FWD;7;4;310;3;0;10;;1;0;1;0;;;;;6.76
959;Dami‡n Emiliano Martinez;37;GK;8;8;810;0;0;0;;0;0;0;0;2;23;8;;7.03
960;Enzo Jerem’as Fernandez;37;MID;7;7;663;1;0;12;;2;1;0;0;;;;;7.01
961;Facundo Axel Medina;37;DEF;5;3;309;0;1;0;;1;0;0;0;;;;;6.93
962;Nahuel Molina;37;DEF;7;5;531;0;0;1;;0;0;0;0;;;;;6.44
963;Melvin Feycal Mastil;38;GK;0;0;0;;;;;;;0;0;0;0;0;;
964;Aissa Mandi;38;DEF;4;4;360;0;0;0;;0;0;0;0;;;;;6.65
965;Achref Abada;38;DEF;0;0;0;;;;;;;0;0;;;;;
966;Mohamed Amine Tougai;38;DEF;0;0;0;;;;;;;0;0;;;;;
967;Zineddine Belaid;38;DEF;2;0;23;0;0;0;;0;0;0;0;;;;;6.75
968;Ramiz Larbi Zerrouki;38;MID;3;2;111;0;0;0;;1;0;0;0;;;;;6.43
969;Riyad Karim Mahrez;38;FWD;4;3;282;2;2;6;;0;0;0;0;;;;;7.28
970;Houssem-Eddine Chaabane Aouar;38;MID;3;2;174;0;2;3;;0;0;0;0;;;;;6.87
971;Amine Ferid Gouiri;38;FWD;4;3;253;1;0;3;;0;0;0;0;;;;;6.68
972;Fares Chaibi;38;MID;4;4;360;0;0;9;;1;0;0;0;;;;;6.5
973;Anis Hadj Moussa;38;FWD;3;1;97;0;0;2;;0;0;0;0;;;;;6.5
974;Ahmed Nadhir Benbouali;38;FWD;1;0;45;1;0;2;;0;0;0;0;;;;;7.6
975;Jaouen Djimmy Hadjam;38;DEF;3;1;108;0;0;1;;0;0;0;0;;;;;6.8
976;Hicham Boudaoui;38;MID;3;2;128;0;0;0;;1;0;0;0;;;;;6.7
977;Rayan Ait-Nouri;38;DEF;4;3;284;0;0;1;;0;0;0;0;;;;;6.53
978;Oussama Benbot;38;GK;1;1;90;0;0;0;;0;0;0;0;0;0;3;;5.2
979;Rafik Belghali;38;DEF;4;4;333;1;0;3;;0;0;0;0;;;;;6.63
980;Mohammed Elamine Amoura;38;FWD;1;0;26;0;0;0;;0;0;0;0;;;;;6.4
981;Nabil Bentaleb;38;MID;4;3;288;0;0;1;;0;0;0;0;;;;;6.93
982;Adil Boulbina;38;FWD;2;0;16;0;0;0;;0;0;0;0;;;;;6.3
983;Selmane Rami Bensebaini;38;DEF;4;4;341;0;0;2;;0;0;0;0;;;;;6.8
984;Ibrahim Maza;38;MID;4;4;352;0;0;11;;0;0;0;0;;;;;6.55
985;Luca Zinedine Zidane;38;GK;3;3;270;0;0;0;;0;0;0;0;0;8;6;;6.5
986;Yassine Titraoui;38;MID;0;0;0;;;;;;;0;0;;;;;
987;Fares Ghedjemis;38;FWD;1;0;1;0;0;0;;0;0;0;0;;;;;0
988;Samir Sophian Chergui;38;DEF;1;0;19;0;0;0;;0;0;0;0;;;;;6.2
989;Alexander Schlager;39;GK;4;4;360;0;0;0;;0;0;0;0;0;12;9;;6.45
990;David Leopold Affengruber;39;DEF;0;0;0;;;;;;;0;0;;;;;
991;Kevin Danso;39;DEF;4;2;239;0;0;1;;0;0;0;0;;;;;6.7
992;Xaver Schlager;39;MID;4;4;240;0;1;1;;0;0;0;0;;;;;6.43
993;Stefan Posch;39;DEF;4;4;332;0;0;3;;2;0;0;0;;;;;5.73
994;Nicolas Seiwald;39;MID;4;4;315;0;1;3;;0;0;0;0;;;;;6.88
995;Marko Arnautovic;39;FWD;4;1;143;2;0;3;;1;0;1;0;;;;;6.85
996;David Alaba;39;DEF;4;4;278;0;1;2;;0;0;0;0;;;;;7.08
997;Marcel Sabitzer;39;MID;4;4;360;1;0;5;;1;0;0;0;;;;;6.88
998;Florian Grillitsch;39;MID;2;0;89;0;0;0;;0;0;0;0;;;;;6.75
999;Michael Gregoritsch;39;FWD;3;2;189;0;1;1;;0;0;0;0;;;;;6.5
1000;Florian Wiegele;39;GK;0;0;0;;;;;;;0;0;0;0;0;;
1001;Patrick Pentz;39;GK;0;0;0;;;;;;;0;0;0;0;0;;
1002;Sa?a Kalajdzic;39;FWD;3;1;77;1;0;4;;0;0;0;0;;;;;6.67
1003;Philipp Lienhart;39;DEF;2;2;180;0;0;1;;0;0;0;0;;;;;6.4
1004;Phillip Mwene;39;DEF;2;2;149;0;0;1;;0;0;0;0;;;;;6.1
1005;Carney Chibueze Chukwuemeka;39;MID;3;0;81;0;0;2;;0;0;0;0;;;;;6.37
1006;Romano Schmid;39;MID;4;4;267;1;0;2;;0;0;0;0;;;;;6.75
1007;Dejan Ljubicic;39;MID;0;0;0;;;;;;;0;0;;;;;
1008;Konrad Laimer;39;MID;4;4;360;0;0;1;;1;0;0;0;;;;;6.43
1009;Patrick Wimmer;39;FWD;2;0;19;0;0;1;;0;0;0;0;;;;;6.35
1010;Alexander Prass;39;MID;2;0;28;0;0;0;;0;0;0;0;;;;;6.3
1011;Marco Friedl;39;DEF;1;0;23;0;0;0;;0;0;0;0;;;;;6.5
1012;Paul Wanner;39;MID;4;2;232;0;0;1;;0;0;0;0;;;;;6.38
1013;Michael Svoboda;39;DEF;0;0;0;;;;;;;0;0;;;;;
1014;Alessandro Andre Schoepf;39;MID;0;0;0;;;;;;;0;0;;;;;
1015;Mo'ien Hasan Yazeed Abulaila;40;GK;3;3;270;0;0;0;;0;0;0;0;0;11;8;;6.33
1016;Ali Hasan Mohammad;40;DEF;1;0;5;0;0;;;0;0;0;0;;;;;
1017;Mousa Musallam Abdallah Nasib;40;DEF;3;3;261;0;0;0;;0;0;0;0;;;;;6.37
1018;Ali Mohammad Husam Abudahab;40;DEF;2;2;180;0;0;0;;1;0;0;0;;;;;6.35
1019;Mousa Mahmoud Yazan Alarab;40;DEF;3;3;270;0;0;0;;1;0;0;1;;;;;6.03
1020;Rasem Adel Amer Jamous;40;MID;1;0;14;0;0;0;;0;0;0;0;;;;;6.4
1021;Faisal Yousef Mohammad;40;FWD;2;0;2;0;0;0;;1;0;0;0;;;;;6.35
1022;Mahmoud Ali Noor Alrawabdeh;40;MID;3;3;270;0;1;1;;0;0;0;0;;;;;6.63
1023;Iyad Ali Ali Olwan;40;FWD;3;3;270;1;0;6;;0;0;0;0;;;;;6.87
1024;Mohammad Mousa Mousa Altamari;40;FWD;3;2;216;1;1;8;;0;0;0;0;;;;;6.93
1025;Burhan Shehadeh Odeh Fakhoury;40;FWD;0;0;0;;;;;;;0;0;;;;;
1026;Zaid Khaleel Nour Baniateyah;40;GK;0;0;0;;;;;;;0;0;0;0;0;;
1027;Nayef Ahmad Mahmoud Almardi;40;FWD;3;1;128;0;0;1;;0;0;0;0;;;;;6.6
1028;Ayed Fadel Rajaei Ayed;40;MID;0;0;0;;;;;;;0;0;;;;;
1029;Mohammad Sami Ibrahim;40;MID;0;0;0;;;;;;;0;0;;;;;
1030;Majed Jamil Mohammad Abualnadi;40;DEF;1;1;72;0;0;;;0;0;0;0;;;;;
1031;Amer Saleem Saleem;40;DEF;3;0;20;0;0;0;;0;0;0;0;;;;;5.8
1032;Ahmed Mohammad Mohammad;40;MID;0;0;0;;;;;;;0;0;;;;;
1033;Ahmad Salameh Saed;40;DEF;1;0;9;0;0;;;0;0;0;0;;;;;
1034;Mahmoud Saleh Mohannad Abutaha;40;MID;3;3;265;0;0;1;;1;0;0;0;;;;;6.63
1035;Mahmoud Ahmed Nizar Alrashdan;40;MID;3;3;256;1;0;2;;0;0;0;0;;;;;6.57
1036;Ra'ed Mahmoud Abdallah Alfakhori;40;GK;3;2;149;0;0;0;;0;0;0;0;0;7;6;;6.37
1037;Manel Farhan Ehsan Haddad;40;DEF;3;3;262;0;1;1;;0;0;0;0;;;;;6.43
1038;Ahmad Ali Ali Azaizeh;40;FWD;3;1;53;0;0;2;;0;0;0;0;;;;;6.7
1039;Ratib Mohammad Mohammad Aldaoud;40;MID;1;0;2;0;0;0;;0;0;0;0;;;;;0
1040;Said Ghazi Anas Badawi;40;DEF;0;0;0;;;;;;;0;0;;;;;
1041;Diogo Diogo Costa;41;GK;5;5;450;0;0;0;;0;0;0;0;2;23;3;;7.46
1042;SEMEDONŽlson Nelson;41;DEF;4;0;123;0;0;0;;1;0;0;0;;;;;6.55
1043;Rœben Ruben Dias;41;DEF;4;4;360;0;0;0;;1;0;0;0;;;;;7.25
1044;Tom‡s Tomas Araujo;41;DEF;1;1;90;0;0;0;;1;0;0;0;;;;;6.9
1045;Diogo Diogo Dalot;41;DEF;2;0;63;0;0;1;;0;0;0;0;;;;;6.85
1046;Luiz Matheus;41;MID;1;0;1;0;0;0;;0;0;0;0;;;;;0
1047;Ronaldo Cristiano Ronaldo;41;FWD;5;5;441;3;0;18;;0;0;1;0;;;;;7.02
1048;Miguel Bruno;41;MID;5;5;423;0;1;;;0;0;0;0;;;;;
1049;RAMOSGonalo Goncalo;41;FWD;2;0;34;1;0;;;0;0;0;0;;;;;
1050;Bernardo Bernardo Silva;41;MID;4;1;95;0;0;1;;2;0;0;0;;;;;6.38
1051;Jo‹o Joao Felix;41;FWD;3;3;204;0;0;6;;0;0;0;0;;;;;6.67
1052;Pedro Jose Sa;41;GK;0;0;0;;;;;;;0;0;0;0;0;;
1053;Renato Renato Veiga;41;DEF;5;5;450;0;0;2;;2;0;0;0;;;;;7.18
1054;Gonalo Goncalo Inacio;41;DEF;0;0;0;;;;;;;0;0;;;;;
1055;Pedro Joao Neves;41;MID;5;4;390;1;0;3;;0;0;0;0;;;;;7.14
1056;Ant—nio Francisco Trincao;41;FWD;1;0;27;0;0;1;;0;0;0;0;;;;;6.3
1057;Alexandre Rafael Leao;41;FWD;5;1;154;1;1;4;;0;0;0;0;;;;;6.88
1058;Pedro Pedro Neto;41;FWD;5;5;354;0;1;1;;0;0;0;0;;;;;6.84
1059;Manuel Goncalo;41;FWD;0;0;0;;;;;;;0;0;;;;;
1060;Pedro Joao Cancelo;41;DEF;5;5;316;0;1;3;;0;0;0;0;;;;;6.9
1061;Diogo Ruben;41;MID;2;1;55;0;0;;;0;0;0;0;;;;;
1062;Tiago Rui Silva;41;GK;0;0;0;;;;;;;0;0;0;0;0;;
1063;Vitor Vitinha;41;MID;5;5;381;0;1;4;;0;0;0;0;;;;;7.3
1064;Samuel Samu Costa;41;DEF;1;0;20;0;0;0;;0;0;0;0;;;;;7
1065;Alexandre Nuno;41;DEF;5;5;398;1;0;1;;0;0;0;0;;;;;6.84
1066;Francisco Francisco Conceicao;41;FWD;4;0;122;0;0;2;;0;0;0;0;;;;;6.8
1067;Lionel Nzau Mpasi;42;GK;4;4;360;0;0;0;;0;0;0;0;0;12;5;;6.83
1068;Wan Wan-Bissaka;42;DEF;4;4;355;0;0;0;;0;0;0;0;;;;;7
1069;Steve Nkanu Kapuadi;42;DEF;2;2;180;0;0;1;;0;0;0;0;;;;;6.35
1070;Axel Tuanzebe;42;DEF;4;4;360;0;0;0;;0;0;0;0;;;;;6.68
1071;Dylan Buduka Batubinsika;42;DEF;0;0;0;;;;;;;0;0;;;;;
1072;NgalÕayel Mukau;42;MID;4;3;197;0;0;1;;0;0;0;0;;;;;6.55
1073;Nathana‘l Mbuku;42;MID;3;2;144;0;0;3;;1;0;0;0;;;;;6.73
1074;Samuel Alain Moutoussamy;42;MID;4;4;333;0;0;3;;1;0;0;0;;;;;6.78
1075;Kibambe Brian Cipenga;42;FWD;2;2;148;1;0;6;;0;0;0;0;;;;;6.75
1076;Theo Mbulofeko Batombo Bongonda;42;MID;2;0;32;0;0;;;0;0;0;0;;;;;
1077;Ga‘l RomŽo Kakuta;42;FWD;0;0;0;;;;;;;0;0;;;;;
1078;Joris Kayembe;42;DEF;4;0;43;0;0;1;;0;0;0;0;;;;;6.78
1079;Meschack Lina Elia;42;FWD;2;0;44;0;1;2;;0;0;0;0;;;;;6.7
1080;Noah Junior Sadiki;42;MID;4;2;257;0;0;0;;2;0;0;0;;;;;6.83
1081;Tshibola Tshibola;42;MID;0;0;0;;;;;;;0;0;;;;;
1082;Timothy Bruce Munzoko Fayulu;42;GK;0;0;0;;;;;;;0;0;0;0;0;;
1083;Cedric Bakambu;42;FWD;3;3;193;0;0;3;;0;0;0;0;;;;;6.4
1084;Charles Monginda Pickel;42;MID;2;0;35;0;0;1;;1;0;0;0;;;;;6.5
1085;Mayele Fiston Mayele;42;FWD;2;0;40;1;0;5;;0;0;0;0;;;;;6.6
1086;Yoane Wissa;42;FWD;4;4;360;3;0;11;;0;0;0;0;;;;;7.13
1087;Matthieu Luka Epolo;42;GK;0;0;0;;;;;;;0;0;0;0;0;;
1088;Mangulu Chancel Mbemba;42;DEF;4;4;360;0;0;1;;1;0;0;0;;;;;6.8
1089;Simon Bokote Banza;42;FWD;2;0;38;0;0;0;;0;0;0;0;;;;;6.5
1090;GŽdŽon Tchingoma Kyatengwa Kalulu;42;DEF;1;0;5;0;0;;;0;0;0;0;;;;;
1091;Edo Kayembe Kayembe;42;MID;3;2;159;0;0;2;;0;0;0;0;;;;;6.47
1092;Arthur Fuka Masuaku;42;DEF;4;4;317;0;1;0;;0;0;0;0;;;;;6.85
1093;Utkir Yusupov;43;GK;1;1;90;0;0;0;;0;0;0;0;0;6;3;;5.4
1094;Abdukodir Khusanov;43;DEF;3;3;270;0;0;0;;2;0;0;1;;;;;6.13
1095;Khojiakbar Alijonov;43;DEF;2;1;134;0;0;0;;0;0;0;0;;;;;6.15
1096;Farrukh Sayfiev;43;DEF;1;0;44;0;0;0;;0;0;0;0;;;;;6.3
1097;Rustamjon Ashurmatov;43;DEF;3;3;257;0;0;0;;0;0;0;0;;;;;6.2
1098;Akmal Mozgovoy;43;MID;3;2;216;0;1;1;;0;0;0;0;;;;;6.57
1099;Otabek Shukurov;43;MID;3;3;238;0;0;2;;0;0;0;0;;;;;6.6
1100;Jamshid Iskanderov;43;MID;1;0;8;0;0;0;;0;0;0;0;;;;;6.3
1101;Odiljon Xamrobekov;43;MID;2;1;78;0;0;1;;1;0;0;0;;;;;5.95
1102;Ruslanbek Jiyanov;43;MID;1;0;1;0;0;0;;0;0;0;0;;;;;0
1103;Oston Urunov;43;MID;2;1;63;0;0;0;;0;0;0;0;;;;;6.35
1104;Abduvakhid Nematov;43;GK;2;2;180;0;0;0;;0;0;0;0;0;4;8;;6.15
1105;Sherzod Nasrullaev;43;DEF;3;3;182;0;0;1;;1;0;0;0;;;;;6.4
1106;Eldor Shomurodov;43;FWD;3;3;270;1;0;4;;0;0;0;0;;;;;6.57
1107;Umarbek Eshmurodov;43;DEF;0;0;0;;;;;;;0;0;;;;;
1108;Botirali Ergashev;43;GK;0;0;0;;;;;;;0;0;0;0;0;;
1109;Dostonbek Khamdamov;43;MID;2;1;102;0;0;2;;0;0;0;0;;;;;6.45
1110;Abdulla Abdullaev;43;DEF;2;2;180;0;0;0;;0;0;0;0;;;;;6.4
1111;Azizjon Ganiev;43;MID;2;1;122;0;0;1;;0;0;0;0;;;;;6.7
1112;Azizbek Amonov;43;FWD;1;0;13;0;0;1;;0;0;0;0;;;;;6.4
1113;Igor Sergeev;43;FWD;3;0;26;0;0;0;;0;0;0;0;;;;;6.47
1114;Abbosbek Fayzullaev;43;MID;3;3;223;1;0;3;;0;0;0;0;;;;;6.77
1115;Sherzod Esanov;43;MID;1;0;1;0;0;0;;0;0;0;0;;;;;0
1116;Behruzjon Karimov;43;DEF;2;2;180;0;0;2;;0;0;0;0;;;;;6.25
1117;Avazbek Ulmasaliyev;43;DEF;0;0;0;;;;;;;0;0;;;;;
1118;Jakhongir Urozov;43;DEF;2;1;95;0;0;0;;0;0;0;0;;;;;6.35
1119;David Ospina;44;GK;0;0;0;;;;;;;0;0;0;0;0;;
1120;Daniel Munoz;44;DEF;5;4;393;2;0;3;;0;0;0;0;;;;;7.16
1121;Jhon Janer Lucumi;44;DEF;5;5;478;0;0;2;;1;0;0;0;;;;;7.14
1122;Santiago Arias;44;DEF;1;1;87;0;0;0;;0;0;0;0;;;;;7.5
1123;Kevin Duvan Castano;44;MID;2;0;15;0;0;0;;0;0;0;0;;;;;6.7
1124;Richard Rios;44;MID;5;0;135;0;0;5;;0;0;0;0;;;;;6.6
1125;Luis Fernando Diaz;44;FWD;5;5;480;1;1;19;;0;0;0;0;;;;;6.98
1126;Jorge Andres Carrascal;44;MID;0;0;0;;;;;;;0;0;;;;;
1127;Jhon AndrŽs Cordoba;44;FWD;3;2;100;0;0;2;;0;0;0;0;;;;;6.43
1128;James David Rodriguez;44;MID;5;5;318;0;0;6;;0;0;0;0;;;;;7.06
1129;Jhon Adolfo Arias;44;MID;5;5;382;1;0;9;;0;0;0;0;;;;;7.26
1130;Camilo Andres Vargas;44;GK;5;5;480;0;0;0;;0;0;0;0;4;9;1;;6.84
1131;Yerry Fernando Mina;44;DEF;1;0;2;0;0;0;;0;0;0;0;;;;;0
1132;Gustavo Adolfo Puerta;44;DEF;5;5;470;0;1;14;;1;0;0;0;;;;;7.12
1133;Juan Camilo Portilla;44;MID;0;0;0;;;;;;;0;0;;;;;
1134;Jefferson AndrŽs Lerma;44;MID;5;5;412;0;0;5;;1;0;0;0;;;;;6.78
1135;Johan AndrŽs Mojica;44;DEF;4;4;390;0;0;3;;1;0;0;0;;;;;7.2
1136;Willer Emilio Ditta;44;DEF;0;0;0;;;;;;;0;0;;;;;
1137;Juan Camilo Hernandez;44;FWD;2;0;48;0;1;1;;0;0;0;0;;;;;6.35
1138;Juan Fernando Quintero;44;MID;4;0;117;0;1;4;;0;0;0;0;;;;;7.4
1139;Jaminton Leandro Campaz;44;FWD;3;0;75;1;0;6;;0;0;0;0;;;;;7.23
1140;Deiver Machado;44;DEF;1;1;90;0;0;0;;0;0;0;0;;;;;7.1
1141;Davinson Sanchez;44;DEF;5;5;480;0;0;6;;1;0;0;0;;;;;7.2
1142;çlvaro David Montero;44;GK;0;0;0;;;;;;;0;0;0;0;0;;
1143;Luis Javier Suarez;44;FWD;5;3;332;0;1;9;;1;0;0;0;;;;;6.44
1144;Carlos AndrŽs Gomez;44;FWD;1;0;1;0;0;0;;0;0;0;0;;;;;6.6
1145;Jordan Lee Pickford;45;GK;7;7;660;0;0;0;;0;0;0;0;2;19;8;;6.53
1146;Ezri Ngoyo Konsa;45;DEF;8;7;647;1;0;3;;0;0;0;0;;;;;6.81
1147;Nico Oreilly;45;DEF;7;5;464;0;0;7;;1;0;0;0;;;;;6.49
1148;Declan Rice;45;MID;7;7;559;1;2;6;;2;0;0;0;;;;;7.33
1149;John Stones;45;DEF;5;3;331;0;0;1;;0;0;0;0;;;;;6.68
1150;Keaninkin Marc-Isreal Guehi;45;DEF;8;7;663;0;0;1;;1;0;0;0;;;;;7.08
1151;Bukayo Ayoyinka Saka;45;FWD;7;3;358;3;3;13;;0;0;1;0;;;;;7.31
1152;Elliot Junior Anderson;45;MID;8;7;634;0;1;7;;1;0;0;0;;;;;7.18
1153;Harry Edward Kane;45;FWD;7;7;654;6;1;23;;0;0;2;0;;;;;7.26
1154;Jude Victor William Bellingham;45;MID;8;7;620;7;1;19;;1;0;0;0;;;;;7.81
1155;Marcus Rashford;45;FWD;5;3;220;1;1;;;0;0;0;0;;;;;
1156;Trevoh Tom Chalobah;45;DEF;1;0;1;0;0;0;;0;0;0;0;;;;;0
1157;Dean Bradley Henderson;45;GK;1;1;90;0;0;0;;0;0;0;0;0;5;4;;7.4
1158;Jordan Brian Henderson;45;MID;2;0;7;0;0;;;1;0;0;0;;;;;
1159;Daniel Johnson Burn;45;DEF;3;0;29;0;0;0;;0;0;0;0;;;;;6.57
1160;Kobbie Boateng Mainoo;45;MID;0;0;0;;;;;;;0;0;;;;;
1161;Morgan Elliot Rogers;45;MID;7;3;336;0;1;3;;0;0;0;0;;;;;6.69
1162;Anthony Michael Gordon;45;FWD;6;5;400;1;3;6;;0;0;0;0;;;;;6.88
1163;George Arthur Watkins;45;FWD;2;0;51;0;0;1;;0;0;0;0;;;;;6.6
1164;Azuka Tristan Madueke;45;FWD;5;4;287;0;0;6;;0;0;0;0;;;;;7.02
1165;Eberechi Oluchi Eze;45;MID;5;1;209;0;1;5;;0;0;0;0;;;;;6.84
1166;Ivan Benjamin Elijah Toney;45;FWD;1;1;79;0;0;;;0;0;0;0;;;;;
1167;James Harrington Trafford;45;GK;0;0;0;;;;;;;0;0;0;0;0;;
1168;Reece Lewis James;45;DEF;5;3;318;0;0;1;;0;0;0;0;;;;;6.74
1169;Tehuti Djed-Hotep Spence;45;DEF;8;4;394;0;0;2;;0;0;0;0;;;;;6.95
1170;Jarell Amorin Quansah;45;DEF;3;3;207;0;0;0;;1;1;0;0;;;;;6.3
1171;Dominik Livakovic;46;GK;4;4;360;0;0;0;;0;0;0;0;1;8;7;;6.78
1172;Josip Stanisic;46;DEF;4;4;360;0;2;0;;0;0;0;0;;;;;6.73
1173;Marin Pongracic;46;DEF;3;3;270;0;0;1;;0;0;0;0;;;;;6.57
1174;Jo?ko Gvardiol;46;DEF;4;2;139;0;0;1;;0;0;0;0;;;;;6.43
1175;Duje Caleta-Car;46;DEF;0;0;0;;;;;;;0;0;;;;;
1176;Josip Sutalo;46;DEF;4;4;360;0;0;1;;0;0;0;0;;;;;6.78
1177;Nikola Moro;46;MID;0;0;0;;;;;;;0;0;;;;;
1178;Mateo Kovacic;46;MID;4;3;272;0;0;5;;0;0;0;0;;;;;6.85
1179;Andrej Kramaric;46;FWD;3;0;57;0;0;1;;0;0;0;0;;;;;6.53
1180;Luka Modric;46;MID;4;4;319;0;1;1;;1;0;0;0;;;;;7.03
1181;Ante Budimir;46;FWD;3;2;155;1;0;3;;0;0;0;0;;;;;6.7
1182;Ivor Pandur;46;GK;0;0;0;;;;;;;0;0;0;0;0;;
1183;Nikola Vlasic;46;MID;3;2;190;1;0;3;;0;0;0;0;;;;;6.6
1184;Ivan Perisic;46;FWD;4;4;360;1;1;2;;2;0;0;0;;;;;6.95
1185;Mario Pasalic;46;MID;4;1;121;0;0;4;;0;0;0;0;;;;;6.63
1186;Martin Baturina;46;MID;4;4;324;1;0;3;;0;0;0;0;;;;;7.18
1187;Petar Sucic;46;MID;4;3;288;1;1;3;;1;0;0;0;;;;;7.03
1188;Kristijan Jakic;46;DEF;0;0;0;;;;;;;0;0;;;;;
1189;Toni Fruk;46;MID;0;0;0;;;;;;;0;0;;;;;
1190;Igor Matanovic;46;FWD;3;0;93;0;0;4;;0;0;0;0;;;;;6.47
1191;Luka Sucic;46;MID;1;0;18;0;0;1;;0;0;0;0;;;;;6.5
1192;Luka Vuskovic;46;DEF;1;1;66;0;0;0;;0;0;0;0;;;;;6.1
1193;Dominik Kotarski;46;GK;0;0;0;;;;;;;0;0;0;0;0;;
1194;Marco Pasalic;46;FWD;3;1;98;0;0;3;;0;0;0;0;;;;;6.63
1195;Martin Erlic;46;DEF;0;0;0;;;;;;;0;0;;;;;
1196;Petar Musa;46;FWD;2;2;112;1;0;1;;0;0;0;0;;;;;7
1197;Lawrence Ati Zigi;47;GK;2;2;136;0;0;0;;0;0;0;0;1;12;1;;8.45
1198;Alidu Seidu;47;DEF;1;0;77;0;0;0;;0;0;0;0;;;;;6.6
1199;Caleb Marfo Yirenkyi;47;MID;4;3;264;1;0;2;;1;0;0;0;;;;;6.73
1200;Jonas Adjei Adjetey;47;DEF;3;3;226;0;0;2;;0;0;0;0;;;;;6.97
1201;Thomas Teye Partey;47;MID;3;3;270;0;0;2;;0;0;0;0;;;;;6.9
1202;Abdul Mumin Mumin;47;DEF;0;0;0;;;;;;;0;0;;;;;
1203;Abdul Fatawu Fatawu;47;FWD;4;0;128;0;0;3;;0;0;0;0;;;;;6.75
1204;Kwasi Sibo;47;MID;4;3;249;0;0;0;;0;0;0;0;;;;;6.53
1205;Jordan Pierre Ayew;47;FWD;4;4;303;0;0;0;;0;0;0;0;;;;;6.65
1206;Brandon Michael Clarke Thomas-Asante;47;FWD;2;0;51;0;0;0;;0;0;0;0;;;;;6.6
1207;Antoine Serlom Semenyo;47;MID;4;4;360;0;1;6;;0;0;0;0;;;;;6.35
1208;Joseph Tetteh Anang;47;GK;0;0;0;;;;;;;0;0;0;0;0;;
1209;Christopher Bonsu Bonsu Baah;47;FWD;0;0;0;;;;;;;0;0;;;;;
1210;Gideon Mensah;47;DEF;4;4;360;0;0;0;;0;0;0;0;;;;;6.98
1211;Elisha Owusu;47;MID;3;2;152;0;0;0;;0;0;0;0;;;;;6.57
1212;Benjamin Asare;47;GK;3;2;224;0;0;0;;0;0;0;0;1;5;2;;7.2
1213;Abdul Rahman Rahman;47;DEF;1;0;1;0;0;0;;0;0;0;0;;;;;0
1214;Jerome Opoku;47;DEF;3;3;270;0;0;0;;0;0;0;0;;;;;7.13
1215;Inaki Williams;47;FWD;2;2;128;0;0;3;;1;0;0;0;;;;;6.25
1216;Augustine Boakye;47;MID;0;0;0;;;;;;;0;0;;;;;
1217;Kojo Peprah Oppong;47;DEF;2;0;47;0;0;0;;1;0;0;0;;;;;6.5
1218;Kamal Deen Sulemana;47;FWD;2;2;129;0;0;1;;0;0;0;0;;;;;6.6
1219;Derrick Luckassen;47;DEF;2;2;180;1;0;1;;0;0;0;0;;;;;7.25
1220;Ernest Nuamah Nuamah;47;FWD;3;1;88;0;1;0;;0;0;0;0;;;;;6.7
1221;Prince Kwabena Adu;47;FWD;3;0;38;0;0;1;;0;0;0;0;;;;;6.17
1222;Marvin Elom Senaya;47;DEF;4;4;280;0;0;2;;0;0;0;0;;;;;6.93
1223;Luis Ricardo Mejia;48;GK;0;0;0;;;;;;;0;0;0;0;0;;
1224;Cesar Rodolfo Blackman;48;DEF;2;2;180;0;0;2;;1;0;0;0;;;;;6.6
1225;Jose Angel Cordoba;48;DEF;3;3;270;0;0;0;;0;0;0;0;;;;;6.6
1226;Fidel Escobar;48;DEF;1;1;90;0;0;0;;0;0;0;0;;;;;6.8
1227;Edgardo Issac Farina;48;DEF;0;0;0;;;;;;;0;0;;;;;
1228;Cristian Jesus Martinez;48;MID;3;3;243;0;0;1;;0;0;0;0;;;;;6.63
1229;Jose Luis Rodriguez;48;MID;3;3;235;0;0;3;;0;0;0;0;;;;;6.1
1230;Adalberto Eliecer Carrasquilla;48;MID;0;0;0;;;;;;;0;0;;;;;
1231;Tomas Abdiel Rodriguez;48;FWD;2;1;47;0;0;1;;0;0;0;0;;;;;6.2
1232;Ismael Diaz;48;MID;2;0;35;0;0;6;;0;0;0;0;;;;;6.6
1233;Edgar Yoel Barcenas;48;MID;3;3;251;0;0;2;;1;0;0;0;;;;;6.9
1234;Cesar Jair Samudio;48;GK;0;0;0;;;;;;;0;0;0;0;0;;
1235;Jiovany Javier Ramos;48;DEF;2;2;167;0;0;2;;0;0;0;0;;;;;7.1
1236;Carlos Miguel Harvey;48;DEF;3;3;268;0;0;5;;1;0;0;0;;;;;6.37
1237;Eric Javier Davis;48;DEF;2;0;3;0;0;1;;0;0;0;0;;;;;6.7
1238;Andres Alberto Andrade;48;DEF;3;3;270;0;0;0;;1;0;0;0;;;;;7
1239;Jose Fajardo;48;FWD;3;1;154;0;0;1;;1;0;0;0;;;;;6.47
1240;Cecilio Alfonso Waterman;48;FWD;2;1;76;0;0;2;;0;0;0;0;;;;;6.6
1241;Alberto Abdiel Quintero;48;MID;1;0;2;0;0;0;;0;0;0;0;;;;;6.4
1242;Anibal Casis Godoy;48;MID;1;0;1;0;0;0;;0;0;0;0;;;;;6.7
1243;Cesar Augusto Yanis;48;MID;0;0;0;;;;;;;0;0;;;;;
1244;Orlando Mosquera;48;GK;3;3;270;0;0;0;;0;0;0;0;0;8;4;;6.8
1245;Michael Amir Murillo;48;DEF;3;3;270;0;0;5;;0;0;0;0;;;;;6.93
1246;Azar’as Emmanuel Londono;48;FWD;3;0;53;0;0;1;;0;0;0;0;;;;;6.57
1247;Roderick Alonso Miller;48;DEF;0;0;0;;;;;;;0;0;;;;;
1248;Jorge Abdiel Gutierrez;48;DEF;1;1;88;0;0;0;;0;0;0;0;;;;;6.5
