player_id;team_id;player_name;position;club_team;market_value_eur;caps;international_goals
1;1;José Raúl Rangel;GK;CD Guadalajara;8.9336;15;0
2;1;Jorge Eduardo Sanchez;DEF;PAOK Saloniki;24.6286;59;3
3;1;César Jasib Montes;DEF;FC Lokomotiv Moscow;10.9126;69;4
4;1;Edson Omar Alvarez;DEF;Fenerbahçe SK;10.8759;100;7
5;1;Johan Felipe Vasquez;DEF;Genoa CFC;18.2654;47;3
6;1;Erik Antonio Lira;MID;CF Cruz Azul;21.521;26;0
7;1;Luis Francisco Romo;MID;CD Guadalajara;12.5527;62;4
8;1;Álvaro Fidalgo;MID;Real Betis;0;5;0
9;1;Raúl Alonso Jimenez;FWD;Fulham FC;15.2112;127;46
10;1;Ernesto Alexis Vega;FWD;Deportivo Toluca FC;17.2817;53;7
11;1;Santiago Tomás Gimenez;FWD;AC Milan;18;47;6
12;1;Carlos Acevedo;GK;Club Santos Laguna;15.432;7;0
13;1;Francisco Guillermo Ochoa;GK;AEL Limassol;11.3145;153;0
14;1;Armando Gonzalez;FWD;CD Guadalajara;8.4077;8;1
15;1;Israel Reyes;DEF;Club América;24.8045;35;2
16;1;Julián Andrés Quinones;FWD;Al Qadsiah FC;14;23;3
17;1;Orbelín Pineda;MID;AEK Athens;16.3377;92;12
18;1;Obed Goméz Vargas;MID;Atlético De Madrid;10;6;0
19;1;Gilberto Rafael Mora;MID;Club Tijuana;19.3011;9;0
20;1;Mateo Chavez;DEF;AZ Alkmaar;23.666;10;0
21;1;César Saúl Huerta;FWD;RSC Anderlecht;9.5179;26;3
22;1;Guillermo Martinez;FWD;Pumas UNAM;24.6702;12;3
23;1;Jesús Daniel Gallardo;DEF;Deportivo Toluca FC;24.0333;123;3
24;1;Luis Gerardo Chavez;MID;FC Dynamo Moscow;19.9738;46;5
25;1;Roberto Carlos Alvarado;FWD;CD Guadalajara;13.5676;69;6
26;1;Brian Gutierrez;MID;CD Guadalajara;8;8;2
27;2;Ronwen Hayden Williams;GK;Mamelodi Sundowns FC;0.8;65;0
28;2;Tholo Thabang Matuludi;DEF;Polokwane City FC;1.2;3;0
29;2;Khulumani Ndamane;DEF;Mamelodi Sundowns FC;1.2;5;0
30;2;Teboho Mokoena;MID;Mamelodi Sundowns FC;;58;9
31;2;Thalente Wandile Mbatha;MID;Orlando Pirates FC;2;17;3
32;2;Aubrey Maphosa Modiba;DEF;Mamelodi Sundowns FC;1.8;49;3
33;2;Oswin Reagan Appollis;FWD;Orlando Pirates FC;;28;8
34;2;Tshepang Moremi;FWD;Orlando Pirates FC;1.4;10;1
35;2;Lyle Brent Foster;FWD;Burnley FC;8;32;10
36;2;Relebohile Mofokeng;FWD;Orlando Pirates FC;3;14;1
37;2;Themba Zwane;MID;Mamelodi Sundowns FC;0.25;56;12
38;2;Thapelo Maseko;FWD;AEL Limassol;1.2;8;1
39;2;Sphephelo S'miso Sithole;MID;CD Tondela;0.6;30;1
40;2;Mbekezeli Mfanufikile Mbokazi;DEF;Chicago Fire FC;;11;1
41;2;Iqraam Rayners;FWD;Mamelodi Sundowns FC;2.8;21;5
42;2;Sipho Justin Chaine;GK;Orlando Pirates FC;1.6;4;0
43;2;Sekotori Evidence Makgopa;FWD;Orlando Pirates FC;1.4;28;6
44;2;Samukele Alucious Kabini;DEF;Molde FK;2.5;6;0
45;2;Nkosinathi Emmanuel Sibisi;DEF;Orlando Pirates FC;;22;0
46;2;Khuliso Johnson Mudau;DEF;Mamelodi Sundowns FC;1.2;35;1
47;2;Ime Daniel Okon;DEF;Hannover 96;;9;1
48;2;Stuart Ricardo Goss;GK;Siwelele FC;0.35;7;0
49;2;Jayden Oswin Adams;MID;Mamelodi Sundowns FC;1.8;9;2
50;2;Olwethu Mpilwenhle Makhanya;DEF;Philadelphia Union;2;1;0
51;2;Kamogelo Michael Sebelebele;FWD;Orlando Pirates FC;1.2;9;1
52;2;Bradley Paul Cross;DEF;Kaizer Chiefs FC;;1;0
53;3;Seunggyu Kim;GK;FC Tokyo;0.5;87;0
54;3;Hanbeom Lee;DEF;FC Midtjylland;3;9;0
55;3;Gihyuk Lee;MID;Gangwon FC;0.8;4;0
56;3;Minjae Kim;DEF;FC Bayern München;20;80;4
57;3;Taehyeon Kim;DEF;Kashima Antlers;1.2;7;0
58;3;Inbeom Hwang;MID;Feyenoord Rotterdam;7;74;7
59;3;Heung Min Son;FWD;LAFC;15;145;56
60;3;Seungho Paik;MID;Birmingham City FC;2;28;3
61;3;Guesung Cho;FWD;FC Midtjylland;2.5;44;12
62;3;Jae Sung Lee;MID;1. FSV Mainz 05;2;106;15
63;3;Hee Chan Hwang;MID;Wolverhampton Wanderers FC;6;80;17
64;3;Bumkeun Song;GK;Jeonbuk Hyundai Motors FC;1;3;0
65;3;Taeseok Lee;DEF;FK Austria Wien;2;16;1
66;3;Wije Cho;DEF;Jeonbuk Hyundai Motors FC;0.55;1;0
67;3;Moonhwan Kim;DEF;Daejeon Hana Citizen FC;0.75;36;0
68;3;Jinseob Park;DEF;Zhejiang FC;1;15;1
69;3;Junho Bae;MID;Stoke City FC;4;13;2
70;3;Hyeongyu Oh;FWD;Be ş ikta ş  JK;;28;7
71;3;Kangin Lee;MID;Paris Saint-Germain;28;48;10
72;3;Hyunjun Yang;MID;Celtic FC;5;9;0
73;3;Hyeonwoo Jo;GK;Ulsan HD;0.65;48;0
74;3;Youngwoo Seol;DEF;FK Crvena Zvezda;6.5;35;0
75;3;Jens Castrop;DEF;Borussia Mönchengladbach;10;7;0
76;3;Jingyu Kim;MID;Jeonbuk Hyundai Motors FC;1.2;23;3
77;3;Jisung Eom;MID;Swansea City AFC;1.8;10;2
78;3;Donggyeong Lee;MID;Ulsan HD;1.6;18;4
79;4;Mat ě j Kovar;GK;PSV Eindhoven;3.7459;21;0
80;4;David Zima;DEF;SK Slavia Praha;7;25;1
81;4;Tomáš Holes;DEF;SK Slavia Praha;;41;2
82;4;Robin Hranac;DEF;TSG Hoffenheim;10;15;1
83;4;Vladimír Coufal;DEF;TSG Hoffenheim;2.5;63;2
84;4;ě pán Chaloupek;DEF;SK Slavia Praha;8.3333;6;0
85;4;Ladislav Krejci;DEF;Wolverhampton Wanderers FC;22;28;6
86;4;Vladimír Darida;MID;FC Hradec Králové;0.375;79;8
87;4;Adam Hlozek;FWD;TSG Hoffenheim;10;44;5
88;4;Patrik Schick;FWD;Bayer 04 Leverkusen;18;54;26
89;4;Jan Kuchta;FWD;AC Sparta Praha;2.7;31;3
90;4;Lukáš Cerv;MID;FC Viktoria Plze ň;6;17;2
91;4;Mojmír Chytil;FWD;SK Slavia Praha;4;23;6
92;4;David Jurasek;DEF;SK Slavia Praha;;18;1
93;4;Pavel Sulc;FWD;Olympique Lyonnais;20;22;5
94;4;Jind ř ich Stanek;GK;SK Slavia Praha;6.8876;14;0
95;4;Lukáš Provod;MID;SK Slavia Praha;;39;3
96;4;Michal Sadilek;MID;SK Slavia Praha;8;36;1
97;4;Tomáš Chory;FWD;SK Slavia Praha;2.7;23;7
98;4;Jaroslav Zeleny;DEF;AC Sparta Praha;0.6;24;0
99;4;David Doudera;DEF;SK Slavia Praha;3.5;17;2
100;4;Tomáš Soucek;MID;West Ham United FC;10;91;17
101;4;Lukáš Hornicek;GK;SC Braga;18;1;0
102;4;Alexandr Sojka;MID;FC Viktoria Plze ň;2.3;3;0
103;4;Hugo Sochurek;MID;AC Sparta Praha;3.5;1;0
104;4;Denis Visinsky;FWD;FC Viktoria Plze ň;;2;1
105;5;Dayne Tristan St. Clair;GK;Inter Miami CF;3.5;20;0
106;5;Alistair William Johnston;DEF;Celtic FC;8;59;1
107;5;Alfie Charles Jones;DEF;Middlesbrough FC;6;2;0
108;5;Luc De Fougerolles;DEF;FCV Dender EH;4.2748;14;0
109;5;Joel Robert Waterman;DEF;Chicago Fire FC;2;17;0
110;5;Mathieu Choiniere;MID;LAFC;0.8;24;0
111;5;Stephen Eustaquio;MID;LAFC;6;57;4
112;5;Ismaël Kenneth Jordan Kone;MID;US Sassuolo;25;41;4
113;5;Cyle Christopher Larin;FWD;Southampton FC;3.5;91;31
114;5;Jonathan Christian David;FWD;Juventus FC;;78;39
115;5;Liam Alan Millar;MID;Hull City FC;1.7;42;1
116;5;Tanitoluwa Oluwatimilehin Oluwaseyi;FWD;Villarreal CF;7;25;2
117;5;Derek Austin Cornelius;DEF;Rangers FC;2.5;45;1
118;5;Jacob Everett Shaffelburg;MID;LAFC;2.5;32;6
119;5;Moïse Bombito Bombito;DEF;OGC Nice;11.6087;20;0
120;5;Maxime Crepeau;GK;Orlando City SC;1.8;33;0
121;5;Tajon Trevor Buchanan;FWD;Villarreal CF;;61;8
122;5;Owen Olamidayo Goodman;GK;Barnsley;0.55;0;0
123;5;Alphonso Boyle Davies;DEF;FC Bayern München;40;58;15
124;5;Ali Ahmed;FWD;Norwich City FC;3;25;1
125;5;Jonathan Osorio;MID;Toronto FC;1;92;10
126;5;Richmond Mamah Laryea;DEF;Toronto FC;1;77;1
127;5;Niko Kristian Sigur;DEF;HNK Hajduk Split;4;19;2
128;5;Promise Oluwatobi Emmanuel David;FWD;Royale Union Saint-Gilloise;17;11;3
129;5;Nathan-Dylan Saliba;MID;RSC Anderlecht;7.5;15;2
130;5;Jayden Nelson;FWD;Austin FC;2;15;3
131;6;Nikola Vasilj;GK;FC St. Pauli;4.5;27;0
132;6;Nihad Mujakic;DEF;Gaziantep FK;1.2;12;1
133;6;Dennis Hadzikadunic;DEF;UC Sampdoria;1.2;32;0
134;6;Tarik Muharemovic;DEF;US Sassuolo;25;15;1
135;6;Sead Kolasinac;DEF;Atalanta Bergamo;4;66;0
136;6;Benjamin Tahirovic;MID;Brøndby IF;4.5;29;2
137;6;Amar Dedic;DEF;SL Benfica;16;29;1
138;6;Armin Gigovic;MID;BSC Young Boys;2.5;21;1
139;6;Samed Bazdar;FWD;Jagiellonia Bia ł ystok;;14;1
140;6;Ermedin Demirovic;FWD;VfB Stuttgart;22;41;4
141;6;Edin Dzeko;FWD;FC Schalke 04;;148;73
142;6;Mladen Jurkas;GK;FK Borac Banja Luka;0.7;0;0
143;6;Ivan Basic;MID;FC Astana;1.5;18;0
144;6;Ivan Sunjic;MID;Pafos FC;2;12;0
145;6;Amar Memic;MID;FC Viktoria Plze ň;4.5;14;1
146;6;Amir Hadziahmetovic;MID;Hull City FC;;36;0
147;6;Dzenis Burnic;MID;Karlsruher SC;1.2;21;0
148;6;Nikola Katic;DEF;FC Schalke 04;1.8;18;2
149;6;Kerim Alajbegovic;FWD;FC Red Bull Salzburg;22;11;1
150;6;Esmir Bajraktarevic;FWD;PSV Eindhoven;8;17;1
151;6;Stjepan Radeljic;DEF;HNK Rijeka;2.8;5;0
152;6;Martin Zlomislic;GK;HNK Rijeka;2;3;0
153;6;Haris Tabakovic;FWD;Borussia Mönchengladbach;3.5;10;4
154;6;Arjan Malic;DEF;SK Sturm Graz;;8;0
155;6;Jovo Lukic;FWD;Universitatea Cluj;2.2;4;1
156;6;Ermin Mahmic;MID;FC Slovan Liberec;5;2;0
157;7;Ibrahim Mahmoud Abunada;GK;Al Rayyan SC;5.5556;7;0
158;7;Miguel Pedro;DEF;Al Sadd SC;5.9825;112;4
159;7;Michel Lucas;DEF;Al Wakrah SC;4.2791;28;2
160;7;Gueye Issa Laye;DEF;Al Arabi SC;;5;0
161;7;Gaber Jassem;DEF;Al Rayyan SC;5.0063;38;1
162;7;Hatim Abdulaziz Hatem;MID;Al Rayyan SC;2.2754;132;11
163;7;Alaaeldin Ahmed;FWD;Al Rayyan SC;5.1428;78;10
164;7;Junior Edmilson;FWD;Al Duhail SC;2.5202;17;0
165;7;Mohammed Mohammed Muntari;FWD;Al Gharafa SC;2.0586;74;17
166;7;Khalid Hassan Alhaydos;FWD;Al Sadd SC;3.0104;190;39
167;7;Hassan Akram;FWD;Al Sadd SC;3.305;137;40
168;7;Karim Karim Boudiaf;MID;Al Duhail SC;6.3429;129;6
169;7;Mohamed Ayoub Aloui;DEF;Al Gharafa SC;3.462;8;0
170;7;Elamin Homam;DEF;Cultural Leonesa;6.5889;77;3
171;7;Abdurisag Yusuf Abdurisag;FWD;Al Wakrah SC;6.5546;45;3
172;7;KHOUKHIBoualem Boualem;DEF;Al Sadd SC;4.0322;129;21
173;7;Mohamed Ahmed Alganehi;MID;Al Gharafa SC;3.8653;15;1
174;7;Hussain Sultan;DEF;Al Duhail SC;6.6871;20;0
175;7;Ali Zainelabdeen Almoez;FWD;Al Duhail SC;4.5698;128;58
176;7;Fathy Ahmed Fathy;MID;Al Arabi SC;2.1343;55;0
177;7;Zakaria Salah Zakaria;GK;Al Duhail SC;7.6498;10;0
178;7;Aissa Meshaal Barsham;GK;Al Sadd SC;;60;0
179;7;Omer Assim Madibo;MID;Al Wakrah SC;7.2597;65;0
180;7;Mohammad Tahsin;FWD;Al Duhail SC;2.8077;5;0
181;7;Alhussein Alhashmi;DEF;Al Arabi SC;5.3751;10;0
182;7;Naceur Mohamed Manai;FWD;Al Shamal SC;4.6175;12;0
183;8;Gregor Kobel;GK;Borussia Dortmund;40;22;0
184;8;Miro Max Maria Muheim;DEF;Hamburger SV;5;11;0
185;8;Silvan Dominic Widmer;DEF;1. FSV Mainz 05;;60;5
186;8;Nico Elvedi;DEF;Borussia Mönchengladbach;8;68;3
187;8;Manuel Obafemi Akanji;DEF;FC Internazionale Milano;17;82;4
188;8;Denis Lemi Zakaria;MID;AS Monaco;;66;3
189;8;Breel Donald Embolo;FWD;Stade Rennais FC;15;87;25
190;8;Remo Marco Freuler;MID;Bologna FC;3;89;11
191;8;Johan Kula Manzambi;MID;SC Freiburg;50;13;3
192;8;Granit Xhaka;MID;Sunderland AFC;8;147;17
193;8;Dan Ndoye;FWD;Nottingham Forest FC;32;32;8
194;8;Yvon Landry Mvogo;GK;FC Lorient;16.9184;13;0
195;8;Ricardo Ivan Rodriguez;DEF;Real Betis;13.6861;139;9
196;8;Ardon Jashari;MID;AC Milan;25;9;0
197;8;Djibril Ibrahima Sow;MID;Sevilla FC;;52;0
198;8;Christian Andreas Fassnacht;FWD;BSC Young Boys;2;23;5
199;8;Ruben Estephan Vargas;FWD;Sevilla FC;9.9837;62;11
200;8;Eray Ervin Coemert;DEF;Valencia CF;5.5835;22;0
201;8;Noah Arinzechukwu Okafor;FWD;Leeds United FC;25;25;2
202;8;Michel Aebischer;MID;Pisa SC;4;41;2
203;8;Marvin Keller;GK;BSC Young Boys;6;1;0
204;8;Fabian Rieder;MID;FC Augsburg;12;29;1
205;8;Mohamed Zeki Amdouni;FWD;Burnley FC;7;30;11
206;8;Aurèle Florian Amenda;DEF;Eintracht Frankfurt;10;7;0
207;8;Luca Antony Jaquez;DEF;VfB Stuttgart;10;3;0
208;8;Cedric Jan Itten;FWD;Fortuna Düsseldorf;1.8;15;5
209;9;Ramsés Alisson;GK;Liverpool FC;34.9474;79;0
210;9;José Ederson Silva;MID;Atalanta Bergamo;28.1833;3;0
211;9;Gabriel Gabriel Magalhaes;DEF;Arsenal FC;35.2558;18;1
212;9;MARQUINHOSMarcos;DEF;Paris Saint-Germain;28;106;7
213;9;Henrique;MID;Manchester United FC;19.0553;87;9
214;9;Sandro Alex;DEF;CR Flamengo;;45;2
215;9;José Vinicius;FWD;Real Madrid C. F.;14.8123;50;10
216;9;GUIMARAESBruno Bruno;MID;Newcastle United FC;46.79;44;3
217;9;Matheus Matheus Cunha;FWD;Manchester United FC;50.7766;24;1
218;9;Neymar Neymar Jr;FWD;Santos FC;8;128;79
219;9;Raphael Raphinha;FWD;FC Barcelona;70;40;11
220;9;Weverton Weverton;GK;Grêmio FBPA;42.4234;11;0
221;9;Luiz Danilo;DEF;CR Flamengo;22.7182;71;1
222;9;Bremer Bremer;DEF;Juventus FC;43.6523;8;1
223;9;PEREIRALeonardo Leo;DEF;CR Flamengo;26.1186;4;0
224;9;Douglas Douglas Santos;DEF;FC Zenit St. Petersburg;15.587;8;0
225;9;Henrique Fabinho;MID;Al Ittihad;40.5605;34;0
226;9;Danilo Danilo Santos;MID;Botafogo;32.0826;5;2
227;9;Felipe Endrick;FWD;Olympique Lyonnais;40;17;4
228;9;Lucas Lucas Paqueta;MID;CR Flamengo;49.1788;64;13
229;9;Henrique André Luiz;FWD;FC Zenit St. Petersburg;33.8393;16;2
230;9;MARTINELLIGabriel Gabriel;FWD;Arsenal FC;40.7548;23;4
231;9;Ederson Ederson;GK;Fenerbahçe SK;46.6233;32;0
232;9;IBANEZRoger Roger;DEF;Al Ahli FC;24.1136;8;0
233;9;Thiago Igor Thiago;FWD;Brentford FC;39.8709;5;2
234;9;Vitor Rayan;FWD;AFC Bournemouth;26.5013;2;1
235;10;Yassine Bounou;GK;Al Hilal SC;;91;0
236;10;Achraf Hakimi;DEF;Paris Saint-Germain;80;97;11
237;10;Noussair Mazraoui;DEF;Manchester United FC;18;46;2
238;10;Sofyan Amrabat;MID;Real Betis;10;75;0
239;10;Marwane Saadane;DEF;Al Fateh SC;0.4;17;1
240;10;Ayyoub Bouaddi;MID;Lille OSC;50;4;0
241;10;Chemsdine Talbi;MID;Sunderland AFC;25;6;0
242;10;Azz-Eddine Ounahi;MID;Girona FC;;50;9
243;10;Soufiane Rahimi;FWD;Al Ain FC;6;38;12
244;10;Brahim Diaz;FWD;Real Madrid C. F.;44.0542;27;15
245;10;Ismael Saibari;MID;PSV Eindhoven;40;31;10
246;10;Monir El Kajoui;GK;RS Berkane;0.6;52;0
247;10;Zakaria El Ouahdi;DEF;KRC Genk;17;3;0
248;10;Issa Laye Lucas Jean Diop;DEF;Fulham FC;8;5;0
249;10;Samir El Mourabet;MID;RC Strasbourg;22;5;0
250;10;Gessime Ben Youssef Mustapha Yassine;MID;RC Strasbourg;12;4;0
251;10;Mohamed Amine Sbai;FWD;Angers SCO;4;2;0
252;10;Chadi Riad;DEF;Crystal Palace FC;15;7;1
253;10;Youssef Belammari;DEF;Al Ahly FC;1.2;18;0
254;10;Ayoub El Kaabi;FWD;Olympiacos FC;4.5;71;36
255;10;Ayoube Amaimouni;FWD;Eintracht Frankfurt;;3;0
256;10;Ahmed Reda Tagnaouti;GK;ASFAR;1;3;0
257;10;Bilal El Khannouss;MID;VfB Stuttgart;35;38;3
258;10;Neil Yoni El Aynaoui;MID;AS Roma;23;17;2
259;10;Redouane Halhal;DEF;KV Mechelen;5;3;0
260;10;Anass Salah Eddine;DEF;PSV Eindhoven;12;10;0
261;11;Johny Placide;GK;SC Bastia;0.25;84;0
262;11;Carlens Jean Fedlaire Ruby Arcus;DEF;Angers SCO;1.8;57;1
263;11;Keeto Thermoncy;DEF;BSC Young Boys;0.1;1;0
264;11;Ricardo Ade;DEF;LDU Quito;0.3;62;2
265;11;Hannes Piterson Delcroix;DEF;FC Lugano;4.808;8;0
266;11;Carl Fred Sainte;MID;El Paso Locomotive FC;0.125;26;0
267;11;Derrick Burckley Etienne;FWD;Toronto FC;2.2344;50;8
268;11;Martin Yves Roberns Didier Experience;DEF;AS Nancy;0.4;22;0
269;11;Duckens Nazon;FWD;Esteghlal Tehran FC;1.6;83;44
270;11;Jean Ricner Bellegarde;MID;Wolverhampton Wanderers FC;16;11;0
271;11;Don Deedson Deedson;FWD;FC Dallas;3.4374;33;10
272;11;Alexandre Jr Pierre;GK;FC Sochaux-Montbéliard;0.1;17;0
273;11;Markhus Lacroix;DEF;Colorado Springs Switchbacks FC;0.125;16;3
274;11;Garven-Michee Metusala;DEF;Colorado Springs Switchbacks FC;0.2;15;0
275;11;Ruben Fritzner Providence;FWD;Almere City FC;;16;3
276;11;Lenny Alvin Pico Joseph;FWD;Ferencvárosi TC;;3;1
277;11;Danley Jean Jacques;MID;Philadelphia Union;3;32;6
278;11;Wilson Isidor;FWD;Sunderland AFC;18;5;2
279;11;Yassin Enzo Fortune;FWD;FC Vizela;0.4;5;0
280;11;Frantzdy Pierrot;FWD;Çaykur Rizespor;1.5;54;34
281;11;Josue Jeremie Casimir;FWD;AJ Auxerre;3;8;0
282;11;Jean-Kévin Duverne;DEF;KAA Gent;2;17;1
283;11;Josue Duverger;GK;FC Cosmos Koblenz;0.125;7;0
284;11;Wilguens Raphael Polynice Paugain;DEF;SV Zulte Waregem;0.8;8;0
285;11;Dominique Celidor Simon;MID;FC Tatran Pre š ov;0.125;2;0
286;11;Olivier Woodensky Pierre;MID;Violette AC;0.1;1;0
287;12;Angus Fraser James Gunn;GK;Nottingham Forest FC;1;23;0
288;12;Aaron Buchanan Hickey;DEF;Brentford FC;16;22;0
289;12;Andrew Henry Robertson;DEF;Liverpool FC;7;95;4
290;12;Mc;MID;SSC Napoli;7.0046;71;15
291;12;Grant Campbell Hanley;DEF;Hibernian FC;0.2;69;2
292;12;Kieran Tierney;DEF;Celtic FC;8;56;2
293;12;Mc;MID;Aston Villa FC;6.484;87;21
294;12;Tyler Robert Fletcher;MID;Manchester United FC;1;2;0
295;12;Lyndon John Dykes;FWD;Charlton Athletic FC;0.8;52;10
296;12;Che Sac Everton Fred Adams;FWD;Torino FC;5;48;13
297;12;Ryan Christie;MID;AFC Bournemouth;8;69;10
298;12;Liam Patrick Kelly;GK;Rangers FC;0.8;3;0
299;12;Jack William Hendry;DEF;Al Ettifaq FC;2.5;39;3
300;12;Ross Cameron Stewart;FWD;Southampton FC;2.8;3;0
301;12;John Francis Souttar;DEF;Rangers FC;2;24;2
302;12;Dominic John Hyam;DEF;Wrexham AFC;2;4;0
303;12;Ben Gannon Gannon-Doak;FWD;AFC Bournemouth;2.9184;15;1
304;12;George David Eric Hirst;FWD;Ipswich Town FC;10;10;1
305;12;Lewis Ferguson;MID;Bologna FC;14;25;1
306;12;Lawrence Shankland;FWD;Heart Of Midlothian FC;3;21;7
307;12;Craig Sinclair Gordon;GK;Heart Of Midlothian FC;0.05;84;0
308;12;Nathan Kenneth Patterson;DEF;Everton FC;10;27;1
309;12;Mc;MID;Norwich City FC;3.1726;59;3
310;12;Anthony Ralston;DEF;Celtic FC;1.5;27;1
311;12;Findlay Kenneth Curtis;FWD;Kilmarnock FC;2;4;1
312;12;Mc;DEF;GNK Dinamo Zagreb;7.8657;50;1
313;13;Matthew Charles Turner;GK;New England Revolution;2.5;54;0
314;13;Sergiño Gianni Dest;DEF;PSV Eindhoven;18;40;3
315;13;Christopher Jeffrey Richards;DEF;Crystal Palace FC;28;37;3
316;13;Tyler Shaan Adams;MID;AFC Bournemouth;25;55;2
317;13;Antonee Robinson;DEF;Fulham FC;;55;5
318;13;Auston Levi-Jesaiah Trusty;DEF;Celtic FC;6;8;0
319;13;Giovanni Alejandro Reyna;MID;Borussia Mönchengladbach;4;39;10
320;13;Mc;MID;Juventus FC;12.614;67;12
321;13;Ricardo Daniel Pepi;FWD;PSV Eindhoven;30;38;13
322;13;Christian Mate Pulisic;FWD;AC Milan;40;87;33
323;13;Brenden Russell Aaronson;FWD;Leeds United FC;22;58;9
324;13;Miles Gordon Robinson;DEF;FC Cincinnatti;3.5;40;3
325;13;Timothy Michael Ream;DEF;Charlotte FC;0.15;83;1
326;13;Sebastian Matthew Berhalter;MID;Vancouver Whitecaps FC;8;14;1
327;13;Cristian Roldan;MID;Seattle Sounders FC;3.5;47;0
328;13;Alexander Michael Freeman;DEF;Villarreal CF;3.5;18;2
329;13;Malik Leon Tillman;MID;Bayer 04 Leverkusen;30;31;3
330;13;Maximilian Michael Arfsten;DEF;Columbus Crew;5;20;1
331;13;Haji Amir Wright;FWD;Coventry City FC;16;20;7
332;13;Folarin Jolaoluwa Balogun;FWD;AS Monaco;40;28;11
333;13;Timothy Tarpeh Weah;FWD;Olympique Marseille;20;52;7
334;13;Mc;DEF;Toulouse FC;20.3757;29;0
335;13;Joseph Michael Scally;DEF;Borussia Mönchengladbach;7;26;0
336;13;Matthew Andrew Geary Freese;GK;New York City FC;2;16;0
337;13;Christopher Keith Brady;GK;Chicago Fire FC;2.5;1;0
338;13;Alejandro Zendejas;FWD;Club América;7.1724;14;2
339;14;Roberto Junior Fernandez;GK;Cerro Porteño;2.8777;30;0
340;14;Victor Gustavo Velazquez;DEF;Cerro Porteño;4.4467;14;1
341;14;Omar Federico Alderete;DEF;Sunderland AFC;5.5522;37;3
342;14;Juan Jose Caceres;DEF;FC Dynamo Moscow;5;18;0
343;14;Fabián Cornelio Balbuena;DEF;Grêmio FBPA;3.1585;47;2
344;14;Júnior Osmar Ignacio Alonso;DEF;Atlético Mineiro;;72;3
345;14;Ramón Sosa;MID;SE Palmeiras;6.6943;30;1
346;14;Diego Alexander Gomez;MID;Brighton & Hove Albion FC;5.4169;25;3
347;14;Arnaldo Antonio Sanabria;FWD;US Cremonese;4.145;49;7
348;14;Miguel Angel Almiron;MID;Atlanta United FC;7.3098;77;10
349;14;Mauricio Mauricio;MID;SE Palmeiras;4.5062;4;1
350;14;Orlando Daniel Gill;GK;CA San Lorenzo;7.4176;7;0
351;14;Jose Maria Canale;DEF;CA Lanús;7.2236;2;0
352;14;Adrián Andrés Cubas;MID;Vancouver Whitecaps FC;4.5;34;0
353;14;Gustavo Raul Gomez;DEF;SE Palmeiras;2.6128;90;4
354;14;Damián Josue Bobadilla;MID;São Paulo FC;3.3181;20;1
355;14;Alejandro Sebastian Romero Gamarra;FWD;Al Ain FC;3.5;35;6
356;14;Alex Adrian Arce;FWD;CS Independiente Rivadavia;5.9621;16;1
357;14;Julio Cesar Enciso;FWD;RC Strasbourg;3.1372;33;4
358;14;Braian Oscar Ojeda;MID;Orlando City SC;6.6587;17;0
359;14;Gabriel Avalos;FWD;CA Independiente;2.5854;23;2
360;14;Gastón Hernán Olveira;GK;Club Olimpia;;1;0
361;14;Matias Galarza;MID;Atlanta United FC;7.5568;15;3
362;14;Gustavo Ruben Caballero;MID;Portsmouth FC;6.6738;2;1
363;14;Isidro Miguel Pitta;FWD;Red Bull Bragantino;6.7535;5;0
364;14;Alexandro Maidana;DEF;CA Talleres;6.7755;2;1
365;15;Mathew David Ryan;GK;Levante UD;1.8;104;0
366;15;Milos Degenek;DEF;APOEL FC;0.45;57;1
367;15;Alessandro Circati;DEF;Parma;;14;1
368;15;Jacob Michael Italiano;DEF;Grazer AK;0.6;6;0
369;15;Jordan Jacob Bos;DEF;Feyenoord Rotterdam;12;28;4
370;15;Jason Kato Geria;DEF;Albirex Niigata;0.35;15;0
371;15;Mathew Allan Leckie;FWD;Melbourne City FC;0.3;81;14
372;15;Connor Isaac Metcalfe;MID;FC St. Pauli;1.5;37;2
373;15;Mohamed Toure;FWD;Norwich City FC;4.0153;11;2
374;15;Ajdin Hrustic;FWD;SC Heracles Almelo;0.6;37;3
375;15;Awer Bul Mabil;FWD;CD Castellón;1.3;38;10
376;15;Paul David Izzo;GK;Randers FC;0.5;4;0
377;15;Aiden Connor Oneill;MID;New York City FC;6.2736;32;0
378;15;Cameron Peter Devlin;MID;Heart Of Midlothian FC;2;5;0
379;15;Kai Clifton Trewin;DEF;New York City FC;1.8;6;0
380;15;Aziz Behich;DEF;Melbourne City FC;0.25;85;3
381;15;Nestory Irankunda;FWD;Watford FC;8;16;6
382;15;Patrick Thomas Beach;GK;Melbourne City FC;1;3;0
383;15;Harry James Souttar;DEF;Leicester City FC;6;39;11
384;15;Cristian Volpato;FWD;US Sassuolo;10;1;0
385;15;Cameron Robert Burgess;DEF;Swansea City AFC;1.5;28;0
386;15;Jackson Alexander Irvine;MID;FC St. Pauli;1;83;14
387;15;Nishan Matthew Velupillay;FWD;Melbourne Victory FC;0.65;8;3
388;15;Paul Michael Junior Okon-Engstler;MID;Sydney FC;1.2;7;0
389;15;Lucas Herrington;DEF;Colorado Rapids;4.5;4;0
390;15;Tete Owen Yengi;FWD;FC Machida Zelvia;0.45;2;1
391;16;Fehmi Mert Gunok;GK;Fenerbahçe SK;0.5;37;0
392;16;Mehmet Zeki Celik;DEF;AS Roma;14;62;3
393;16;Merih Demiral;DEF;Al Ahli FC;12;64;6
394;16;Ça ğ lar Soyuncu;DEF;Fenerbahçe SK;14.8121;60;2
395;16;Salih Ozcan;MID;Borussia Dortmund;3.5;31;1
396;16;Orkun Kokcu;MID;Be ş ikta ş  JK;25;51;4
397;16;Muhammed Kerem Akturkoglu;FWD;Fenerbahçe SK;20;53;15
398;16;Arda Guler;FWD;Real Madrid C. F.;90;31;6
399;16;Deniz Daniel Gul;FWD;FC Porto;5;9;2
400;16;Hakan Calhanoglu;MID;FC Internazionale Milano;16;107;22
401;16;Kenan Yildiz;FWD;Juventus FC;75;29;5
402;16;Altay Bayindir;GK;Manchester United FC;5;12;0
403;16;Evren Eren Elmali;DEF;Galatasaray SK;5;23;0
404;16;Abdülker Bardakci;DEF;Galatasaray SK;4.749;28;2
405;16;Ozan Muhammed Kabak;DEF;TSG Hoffenheim;15;30;2
406;16;Ismailİsma Yuksek;MID;Fenerbahçe SK;8.5137;33;1
407;16;Can İrfan Kahveci;FWD;Kasımpa ş a SK;11.1913;47;6
408;16;Mert Muldur;DEF;Fenerbahçe SK;7;46;3
409;16;Yunus Akgun;FWD;Galatasaray SK;18;20;4
410;16;Ferdi Erenay Kadioglu;DEF;Brighton & Hove Albion FC;35;31;2
411;16;Barı ş Alper Yilmaz;FWD;Galatasaray SK;;36;4
412;16;Kaan Ayhan;MID;Galatasaray SK;1.5;73;5
413;16;Ugurcan Cakir;GK;Galatasaray SK;15;40;0
414;16;Oguz Aydin;FWD;Fenerbahçe SK;7;11;0
415;16;Samet Akaydin;DEF;Çaykur Rizespor;1.2;19;1
416;16;Can Yılmaz Uzun;FWD;Eintracht Frankfurt;45;6;1
417;17;Manuel Peter Neuer;GK;FC Bayern München;4;125;0
418;17;Antonio Ruediger;DEF;Real Madrid C. F.;16.6773;83;3
419;17;Waldemar Anton;DEF;Borussia Dortmund;18;14;0
420;17;Jonathan Glao Tah;DEF;FC Bayern München;28;48;1
421;17;Aleksandar Pavlovic;MID;FC Bayern München;90;12;1
422;17;Joshua Walter Kimmich;DEF;FC Bayern München;35;111;10
423;17;Kai Lukas Havertz;FWD;Arsenal FC;55;59;24
424;17;Leon Christoph Goretzka;MID;FC Bayern München;12;71;15
425;17;Jamie Jaleel Jeremy Leweling;MID;VfB Stuttgart;40;5;1
426;17;Jamal Musiala;MID;FC Bayern München;100;43;10
427;17;Nick Woltemade;FWD;Newcastle United FC;55;11;4
428;17;Oliver Baumann;GK;TSG Hoffenheim;2.5;13;0
429;17;Pascal Alexander GROß GROß Gross;MID;Brighton & Hove Albion FC;23.5911;18;1
430;17;Maximilian Beier;FWD;Borussia Dortmund;40;9;0
431;17;Nico Cédric Schlotterbeck;DEF;Borussia Dortmund;;28;1
432;17;Angelo Nicolas Stiller;MID;VfB Stuttgart;45;8;0
433;17;Florian Richard Wirtz;MID;Liverpool FC;100;42;11
434;17;Nathaniel Christopher Brown;DEF;Eintracht Frankfurt;40;6;1
435;17;Leroy Aziz Sane;MID;Galatasaray SK;20;77;17
436;17;Nadiem Amiri;MID;1. FSV Mainz 05;17;11;1
437;17;Alexander Nuebel;GK;VfB Stuttgart;21.9732;3;0
438;17;David Raum;DEF;RB Leipzig;25;38;1
439;17;Felix Kalu Nmecha;MID;Borussia Dortmund;50;9;2
440;17;Malick Thiaw;DEF;Newcastle United FC;45;5;0
441;17;Forzan Assan Ouedraogo;MID;RB Leipzig;;1;1
442;17;Deniz Undav;FWD;VfB Stuttgart;22;10;7
443;18;Eloy Victor Room;GK;Miami FC;0.2;73;0
444;18;Shurandy Ruggerio Sambo;DEF;Sparta Rotterdam;1.3;8;0
445;18;Juriën Godfried Juan Gaari;DEF;Abha Club;0.45;60;1
446;18;Róshón Felix Romar Jordan Van Eijma;DEF;RKC Waalwijk;0.375;28;1
447;18;Sherel Constancio Floranus;DEF;PEC Zwolle;0.8;28;0
448;18;Godfried Roemeratoe;MID;RKC Waalwijk;0.4;29;1
449;18;Juninho Gracielo Bacuna;MID;FC Volendam;1.7;51;14
450;18;Livano Shyron Liomar Comenencia;MID;FC Zürich;0.5;21;3
451;18;Jürgen Leonardo Locadia;FWD;Miami FC;1.8;14;1
452;18;Leandro Jones Johan Bacuna;MID;I ğ dır FK;0.9;73;16
453;18;Jeremy Cornelis Jacobus Antonisse;FWD;AE Kifisia FC;0.8;28;4
454;18;Juniffer Naigelino Hansen;FWD;Middlesbrough FC;2.7059;7;1
455;18;Tyrese Yurvencey Noslin;FWD;SC Telstar;0.75;7;1
456;18;Kenji Joël Gorre;FWD;Maccabi Haifa FC;;38;6
457;18;Jainel Archenir Martha;MID;Rotherham United FC;4.612;9;2
458;18;Jearl Erwin Margaritha;FWD;SK Beveren;1.5;23;5
459;18;Brandley Mack-Olien Kuwas;FWD;FC Volendam;0.25;36;2
460;18;Armando Maria Obispo;DEF;PSV Eindhoven;4;7;0
461;18;Gervane Zjandric Adonnis Kastaneer;FWD;Terengganu FC;;30;9
462;18;Joshua Benjamin Brenet;DEF;Kayserispor;1;18;2
463;18;Tahith Jose Girigorio Djorkaef Chong;MID;Shefield United FC;;7;3
464;18;Kevin Antonio Felida;MID;FC Den Bosch;0.35;19;1
465;18;Riechedly Guillermo Bazoer;DEF;Konyaspor;;6;0
466;18;Deveron Lenny Fonville;DEF;NEC Nijmegen;1.5;3;0
467;18;Tyrick Jeremy Bodak;GK;SC Telstar;0.025;4;0
468;18;Trevor Irving Doornbusch;GK;VVV Venlo;5.6502;8;0
469;19;Yahia Fofana;GK;Çaykur Rizespor;5;37;0
470;19;Ousmane Diomande;DEF;Sporting CP;;16;1
471;19;N'clomande Ghislain Konan;DEF;Gil Vicente FC;3;55;0
472;19;Jean Michael Seri;MID;NK Maribor;1.5;65;4
473;19;Wilfried Stephane Singo;DEF;Galatasaray SK;23;36;1
474;19;Seko Mohamed Fofana;MID;FC Porto;8;33;7
475;19;Odilon Dorgeless Kossounou;DEF;Atalanta Bergamo;10.6886;37;0
476;19;Franck Yannick Kessie;MID;Al Ahli FC;12;105;15
477;19;Ange-Yoan Laurent Bonny;FWD;FC Internazionale Milano;35;2;0
478;19;Simon Adingra;FWD;AS Monaco;22;29;5
479;19;Yan Diomande;FWD;RB Leipzig;90;11;3
480;19;Elye Delmas Wahi;FWD;OGC Nice;5.9361;3;0
481;19;Christopher Tea Domoraud Operi;DEF;Ba ş ak ş ehir FK;4;12;0
482;19;Oumar Diakite;FWD;Cercle Brugge;5;29;6
483;19;Amad Diallo;FWD;Manchester United FC;45;20;7
484;19;Mohamed Kone;GK;Sporting Charleroi;2;0;0
485;19;Guela Maho-Lewis Doue;DEF;RC Strasbourg;20;21;3
486;19;Ibrahim Sangare;MID;Nottingham Forest FC;20;56;11
487;19;Nicolas Pepe;FWD;Villarreal CF;6;57;12
488;19;Emmanuel Elysee Djedje Agbadou;DEF;Be ş ikta ş  JK;3.6416;22;2
489;19;Obite Evan Ndicka;DEF;AS Roma;35;29;0
490;19;Evann Ludovic Vidjannagni Guessand;FWD;Crystal Palace FC;25;21;4
491;19;Alban-Marc Lafont;GK;Panathinaikos FC;3;4;0
492;19;Bazoumana Toure;FWD;TSG Hoffenheim;40;7;2
493;19;Parfait Guiagon;MID;Sporting Charleroi;5;5;0
494;19;Christ Ravynel Inao Oulai;MID;Trabzonspor;23;10;0
495;20;Hernán Ismael Galindez;GK;CA Huracán;0.3;36;0
496;20;Félix Eduardo Torres;DEF;SC Internacional;13.319;49;5
497;20;Piero Martin Hincapie;DEF;Arsenal FC;7.4596;53;2
498;20;Joel Leandro Ordonez;DEF;Club Brugge;10.2133;18;0
499;20;Jordy Jose Alcivar;MID;Independiente Del Valle;5.5996;11;1
500;20;Willian Joel Pacho;DEF;Paris Saint-Germain;14.1625;35;2
501;20;Pervis Josue Estupinan;DEF;AC Milan;12.1845;54;5
502;20;Anthony Lenin Valencia;MID;Royal Antwerp FC;10.5071;3;1
503;20;John Yeboah;FWD;Venezia FC;6.3167;23;3
504;20;Ray Kendry Paez;MID;CA River Plate;9.9737;26;2
505;20;Kevin Jose Rodriguez;FWD;Royale Union Saint-Gilloise;6.0492;32;2
506;20;Wellington Moisés Ramirez;GK;AE Kifisia FC;13.6621;7;0
507;20;Enner Remberto Valencia;FWD;CF Pachuca;10.2147;106;49
508;20;Alan Steve Minda;MID;Atlético Mineiro;10.962;21;2
509;20;Pedro Jeampierre Vite;MID;Pumas UNAM;13.0028;18;1
510;20;Jordy Josue Caicedo;FWD;CA Huracán;12.7501;20;4
511;20;Ángelo Smit Preciado;DEF;Atlético Mineiro;5.5339;57;0
512;20;Denil Daniel Castillo;MID;FC Midtjylland;4.4131;5;0
513;20;Gonzalo Jordy Plata;FWD;CR Flamengo;;51;8
514;20;Nilson David Angulo;FWD;Sunderland AFC;8.6613;15;2
515;20;Alan Steven Franco;MID;Atlético Mineiro;6.2379;59;1
516;20;Gonzalo Roberto Valle;GK;LDU Quito;14.3825;4;0
517;20;Moisés Isaac Caicedo;MID;Chelsea FC;14.3479;62;3
518;20;Jeremy Alberto Arevalo;FWD;VfB Stuttgart;15.9382;4;0
519;20;Jackson Gabriel Porozo;DEF;Club Tijuana;11.7339;10;1
520;20;Yaimar Abel Medina;DEF;KRC Genk;16.4803;6;0
521;21;Bart Verbruggen;GK;Brighton & Hove Albion FC;40;30;0
522;21;Lutsharel Emiliano Geertruida;DEF;Sunderland AFC;20;21;0
523;21;Marten Elco De Roon;MID;Atalanta Bergamo;3.2;43;1
524;21;Virgil Van Dijk;DEF;Liverpool FC;15;93;13
525;21;Nathan Benjamin Ake;DEF;Manchester City FC;12;60;5
526;21;Paul Jan-Paul Van Hecke;DEF;Brighton & Hove Albion FC;40.9262;13;0
527;21;Justin Dean Kluivert;MID;AFC Bournemouth;25;12;0
528;21;Ryan Jiro Gravenberch;MID;Liverpool FC;80;28;1
529;21;Wout François Maria Weghorst;FWD;AFC Ajax;;52;14
530;21;Memphis Depay;FWD;SC Corinthians;7;110;55
531;21;Cody Mathès Gakpo;FWD;Liverpool FC;60;51;21
532;21;Mats Henrik Berne Wieffer;DEF;Brighton & Hove Albion FC;25;15;1
533;21;Robin Gerardus Petrus Roefs;GK;Sunderland AFC;28;1;0
534;21;Tijjani Martinus Jan Reijnders;MID;Manchester City FC;50;33;7
535;21;Micky Van De Ven;DEF;Tottenham Hotspur FC;50;22;1
536;21;Guus Berend Til;MID;PSV Eindhoven;15;7;1
537;21;Noa Noëll Lang;FWD;Galatasaray SK;22;15;3
538;21;Donyell Malen;FWD;AS Roma;45;54;13
539;21;Brian Ebenezer Adjei Brobbey;FWD;Sunderland AFC;30;13;1
540;21;Teun Koopmeiners;MID;Juventus FC;29.0913;29;3
541;21;Frenkie De Jong;MID;FC Barcelona;35;67;2
542;21;Denzel Justus Morris Dumfries;DEF;FC Internazionale Milano;25;73;11
543;21;Mark Maria Hubertus Flekken;GK;Bayer 04 Leverkusen;6;12;0
544;21;Crysencio Jilbert Sylverio Cir Summerville;FWD;West Ham United FC;35;3;1
545;21;Jorrel Evan Hato;DEF;Chelsea FC;40;8;0
546;21;Quinten Ryan Crispito Timber;MID;Olympique Marseille;25;12;1
547;22;Zion Suzuki;GK;Parma;20;26;0
548;22;Yukinari Sugawara;DEF;SV Werder Bremen;5.5;23;2
549;22;Shogo Taniguchi;DEF;Sint-Truiden VV;0.75;40;1
550;22;Kou Itakura;DEF;AFC Ajax;8;41;3
551;22;Yuto Nagatomo;DEF;FC Tokyo;0.1;145;4
552;22;Shuto Machino;FWD;Borussia Mönchengladbach;4;14;5
553;22;Ao Tanaka;MID;Leeds United FC;13;38;8
554;22;Takefusa Kubo;MID;Real Sociedad;20;50;7
555;22;Keisuke Goto;FWD;Sint-Truiden VV;10;4;0
556;22;Ritsu Doan;MID;Eintracht Frankfurt;17;67;11
557;22;Daizen Maeda;MID;Celtic FC;;29;5
558;22;Keisuke Osako;GK;Sanfrecce Hiroshima;2;11;0
559;22;Keito Nakamura;MID;Stade Reims;10;27;12
560;22;Junya Ito;MID;KRC Genk;3;70;15
561;22;Daichi Kamada;MID;Crystal Palace FC;10;50;13
562;22;Tsuyoshi Watanabe;DEF;Feyenoord Rotterdam;10;13;0
563;22;Yuito Suzuki;MID;SC Freiburg;24;6;0
564;22;Ayase Ueda;FWD;Feyenoord Rotterdam;17;41;16
565;22;Koki Ogawa;FWD;NEC Nijmegen;2;16;11
566;22;Ayumu Seko;DEF;Le Havre AC;5;14;0
567;22;Hiroki Ito;DEF;FC Bayern München;18;26;1
568;22;Takehiro Tomiyasu;DEF;AFC Ajax;5;44;1
569;22;Tomoki Hayakawa;GK;Kashima Antlers;2;4;0
570;22;Kaishu Sano;MID;1. FSV Mainz 05;40;15;0
571;22;Junnosuke Suzuki;DEF;FC København;3.5;6;0
572;22;Kento Shiogai;FWD;VfL Wolfsburg;;3;0
573;23;Jacob Mikael Widell Zetterstrom;GK;Derby County FC;2.5;3;0
574;23;Gustaf Johan Lagerbielke;DEF;SC Braga;10;12;2
575;23;Victor Jörgen Lindelof;DEF;Aston Villa FC;7.4474;77;3
576;23;Isak Malcolm Kwaku Hien;DEF;Atalanta Bergamo;22;30;0
577;23;Gabriel Johan Gudmundsson;DEF;Leeds United FC;20;25;0
578;23;Herman Nils Johansson;DEF;FC Dallas;1.8;3;0
579;23;Lucas Erik Holger Bergvall;MID;Tottenham Hotspur FC;35;11;0
580;23;Daniel Jonathan Svensson;DEF;Borussia Dortmund;22;14;0
581;23;Alexander Isak;FWD;Liverpool FC;85;59;18
582;23;Erik Benjamin Nygren;MID;Celtic FC;14;12;3
583;23;Anthony David Junior Elanga;FWD;Newcastle United FC;32;31;6
584;23;Tobias Viktor Johansson;GK;Stoke City FC;12;12;0
585;23;Ken Sema;MID;Pafos FC;0.8;32;5
586;23;Hjalmar Ekdal;DEF;Burnley FC;5;13;0
587;23;Carl Anders Theodor Starfelt;DEF;RC Celta Vigo;4.5;18;0
588;23;Jesper Kewe Karlstrom;MID;Udinese;4;25;0
589;23;Viktor Einar Gyokeres;FWD;Arsenal FC;65;34;21
590;23;Yasin Ayari;MID;Brighton & Hove Albion FC;;22;5
591;23;Mattias Olof Svanberg;MID;VfL Wolfsburg;8;41;3
592;23;Eric Anders Smith;DEF;FC St. Pauli;5;2;0
593;23;Alexander Olof Bernhardsson;DEF;Holstein Kiel;3;12;0
594;23;Besfort Zeneli;MID;Royale Union Saint-Gilloise;6;8;0
595;23;Bo Kristoffer Nordfeldt;GK;AIK Stockholm;0.175;22;0
596;23;Elliot Karl Stroud;DEF;Mjällby AIF;5;2;0
597;23;Håkan Gustaf Nilsson;FWD;Club Brugge;1.8;9;4
598;23;Taha Abdi Ali;FWD;Malmö FF;1.5;2;0
599;24;Abdelmouhib Chamakh;GK;Club Africain;0.6;4;0
600;24;Ali Abdi;DEF;OGC Nice;9.0194;47;7
601;24;Montassar Omar Talbi;DEF;FC Lorient;;65;4
602;24;Omar Rekik;DEF;NK Maribor;0.6;7;1
603;24;Adam Arous;DEF;Kasımpa ş a SK;4;2;0
604;24;Dylan Daniel Mahmoud Bronn;DEF;Servette FC;0.6;52;2
605;24;Mohamed Elyes Achouri;FWD;FC København;3;31;5
606;24;Elias Saad;FWD;Hannover 96;3;16;3
607;24;Hazem Mastouri;FWD;FC Dynamo Makhachkala;0.9;19;4
608;24;Hannibal Mejbri;MID;Burnley FC;15;46;1
609;24;Ismael Seifallah Gharbi;MID;FC Augsburg;5;18;2
610;24;Ahmed Mortadha Ben Ouanes;DEF;Kasımpa ş a SK;1.5;18;0
611;24;Rani Khedira;MID;1. FC Union Berlin;2;4;0
612;24;Khalil Ayari;MID;Paris Saint-Germain;0.2;4;0
613;24;Mohamed Hadj Mahmoud;MID;FC Lugano;4.3229;10;0
614;24;Aymen Dahmen;GK;CS Sfaxien;0.8;37;0
615;24;Ellyes Joris Skhiri;MID;Eintracht Frankfurt;5;84;4
616;24;Rayan Elloumi;FWD;Vancouver Whitecaps FC;0.8;4;0
617;24;Firas Chaouat;FWD;Club Africain;;31;6
618;24;Yan Valery;DEF;BSC Young Boys;1.5;23;0
619;24;Mohamed Amine Ben Hmida;DEF;Espérance De Tunisie;0.7;14;0
620;24;Sabri Ben Hessen;GK;Étoile Du Sahel;3.9419;1;0
621;24;Moutaz Neffati;DEF;IFK Norrköping FK;0.25;5;0
622;24;Raed Chikhaoui;DEF;US Monastir;0.15;0;0
623;24;Anis Slimane;MID;Norwich City FC;2.6804;41;4
624;24;Sebastian Tounekti;MID;Celtic FC;5;13;1
625;25;Thibaut Nicolas Courtois;GK;Real Madrid C. F.;15;110;0
626;25;Zeno Koen Debast;DEF;Sporting CP;28;26;1
627;25;Arthur Nicolas Theate;DEF;Eintracht Frankfurt;35.1048;33;1
628;25;Brandon Erik Mechele;DEF;Club Brugge;2.8;10;1
629;25;Maxim Peter De Cuyper;DEF;Brighton & Hove Albion FC;10.7703;20;4
630;25;Axel Laurent Witsel;MID;Girona FC;36.9112;138;12
631;25;Kevin De Bruyne;MID;SSC Napoli;8;120;37
632;25;Youri Marion Tielemans;MID;Aston Villa FC;19.4794;86;13
633;25;Romelu Lukaku;FWD;SSC Napoli;22;127;90
634;25;Leandro Trossard;FWD;Arsenal FC;18;52;12
635;25;Jeremy Baffour Doku;FWD;Manchester City FC;75;44;7
636;25;Senne Lammens;GK;Manchester United FC;35;2;0
637;25;Mike Louis Penders;GK;RC Strasbourg;25;0;0
638;25;Dodi Lukebakio;FWD;SL Benfica;26.8188;30;6
639;25;Thomas Andre Meunier;DEF;Lille OSC;28.9549;81;10
640;25;Koni De Winter;DEF;AC Milan;23;8;0
641;25;Charles Marc De Ketelaere;FWD;Atalanta Bergamo;;31;6
642;25;Joaquin Ronny Seys;DEF;Club Brugge;20;5;0
643;25;Diego Manuel Moreira;MID;RC Strasbourg;;3;0
644;25;Hans Vanaken;MID;Club Brugge;5;35;7
645;25;Timothy Castagne;DEF;Fulham FC;8;64;2
646;25;Alexis Jesse Saelemaekers;MID;AC Milan;25.1941;24;2
647;25;Nicolas Thierry Raskin;MID;Rangers FC;34.4309;14;2
648;25;Amadou Ba Onana;MID;Aston Villa FC;27.122;30;1
649;25;Nathan Ngoy;DEF;Lille OSC;25;5;0
650;25;Matias Fernandez-Pardo;FWD;Lille OSC;35;3;0
651;26;Elsayed Mohamed Mohamed Elshenawy;GK;Al Ahly FC;3.2268;77;0
652;26;Ahmed Ibrahim Yasser;DEF;Al Ahly FC;4.0844;19;1
653;26;Hany Gamal Mohamed Hany;DEF;Al Ahly FC;9.1852;44;0
654;26;Abdelmegeed Abdelsalam Hossam Abdelmaguid;DEF;Zamalek SC;8.5005;13;0
655;26;Abdelaziz Moustafa Ramy Rabia;DEF;Al Ain FC;9.8695;48;6
656;26;Abdelmoneim Elsayed Mohamed;DEF;OGC Nice;8.5498;36;3
657;26;Ahmed Ibrahim Trezeguet;FWD;Al Ahly FC;;96;23
658;26;Ashour Metwaly Emam;MID;Al Ahly FC;4.1614;30;1
659;26;Mohamed Abdelkarim Hamza;FWD;FC Barcelona;9.0571;3;0
660;26;Hamed Mahrous Mohamed Salah;FWD;Liverpool FC;22;117;67
661;26;Mohamed Zaky Mostafa Zico;MID;Pyramids FC;10.7817;3;2
662;26;Yousry Fouad Haissem Hassan;FWD;Real Oviedo;8.2844;4;0
663;26;Mohamed Aboelfetouh Ahmed Fatouh;DEF;Zamalek SC;10.4583;40;1
664;26;Fathy Abdelhalim Hamdy Fathy;MID;Al Wakrah SC;9.5802;65;4
665;26;Hafez Ramadan Karim Hafez;DEF;Pyramids FC;7.3142;10;0
666;26;Mohamed Soliman Mahdy Soliman;GK;Zamalek SC;6.7568;0;0
667;26;Mostafa Ahmed Mohanad Lashin;MID;Pyramids FC;3.736;24;0
668;26;Aly Elmahdy Nabil;MID;Al Najmah SC;6.8074;12;0
669;26;Attia Fahim Marawan Attia;MID;Al Ahly FC;5.4366;36;1
670;26;Adel Aly Mohamed Ibrahim;FWD;FC Nordsjælland;7.6882;25;3
671;26;Saber Abdelmohsen Mahmoud;MID;ZED FC;9.7172;15;1
672;26;Mohamed Abdelsalam Omar;FWD;Manchester City FC;3.0053;51;11
673;26;Abdelaziz Mohame Mostafa;GK;Al Ahly FC;7.3868;11;0
674;26;Abdelghaffar Abdel Tarek Alaa;DEF;ZED FC;6.3268;3;0
675;26;Mostafa Mohamed Zizo;FWD;Al Ahly FC;4.6207;65;5
676;26;Alaaeldin Soliman Mohamed Alaa;GK;El Gouna FC;3.11;0;0
677;27;Ali Reza Beiranvand;GK;Tractor Sazi Tabriz FC;13.5798;88;0
678;27;Saleh Hardani;DEF;Esteghlal Tehran FC;6.2501;18;1
679;27;Ehsan Hajisafi;DEF;Sepahan SC;17.6066;147;7
680;27;Shojae Khalilzadeh;DEF;Tractor Sazi Tabriz FC;0.2;59;2
681;27;Milad Mohammadi;DEF;Persepolis FC;10.5389;78;1
682;27;Saeid Ezatolahi;MID;Shabab Al Ahli Club;12.1631;85;2
683;27;Alireza Jahanbakhsh;MID;FCV Dender EH;10.3087;99;17
684;27;Mohammad Mohebbi;MID;FC Rostov;2.5;38;14
685;27;Mehdi Taremi;FWD;Olympiacos FC;2;107;59
686;27;Mehdi Ghayedi;FWD;Al Nasr SC;4.5;31;10
687;27;Ali Alipour;FWD;Persepolis FC;10.4234;15;1
688;27;Seyedpayam Niazmand;GK;Persepolis FC;0.75;15;0
689;27;Mohammadhossein Kanani;DEF;Persepolis FC;13.2847;65;6
690;27;Seyed Saman Ghoddos;MID;Al Ittihad Kalba SCC;9.3077;69;3
691;27;Roozbeh Cheshmi;MID;Esteghlal Tehran FC;0.3;41;3
692;27;Mahdi Torabi;MID;Tractor Sazi Tabriz FC;1.8;52;7
693;27;Arya Yousefi;DEF;Sepahan SC;0.45;15;1
694;27;Amirhossein Hosseinzadeh;FWD;Tractor Sazi Tabriz FC;14.6186;19;5
695;27;Ali Nemati;DEF;Foolad Khuzestan FC;0.025;19;0
696;27;Shahriyar Moghanloo;FWD;Al Ittihad Kalba SCC;0.9;22;2
697;27;Mohammad Ghorbani;MID;Al Wahda SC;;16;0
698;27;Seyedhossein Hosseini;GK;Sepahan SC;0.55;14;0
699;27;Ramin Rezaeian;DEF;Foolad Khuzestan FC;9.8792;75;9
700;27;Dennis Dargahi;FWD;Standard Liège;2;0;0
701;27;Danial Iri;DEF;Malavan Anzali FC;0.15;0;0
702;27;Amirmohammad Razaghinia;MID;Esteghlal Tehran FC;0.15;4;0
703;28;Maxime Teremoana Crocombe;GK;Millwall FC;1;25;0
704;28;Timothy John Payne;DEF;Wellington Phoenix FC;0.35;53;3
705;28;Francis De Vries;DEF;Auckland FC;0.6;20;1
706;28;Tyler Grant Bindon;DEF;Shefield United FC;3.5;26;2
707;28;Michael Joseph Boxall;DEF;Minnesota United FC;0.15;65;1
708;28;Joe Zen Robert Bell;MID;Viking Stavanger;3.5;33;1
709;28;Logan Tipene Rogerson;FWD;Auckland FC;;18;2
710;28;Marko Seufatu Nikola Stamenic;MID;Swansea City AFC;3;41;3
711;28;Christopher Grant Wood;FWD;Nottingham Forest FC;5;91;45
712;28;Sarpreet Singh;MID;Wellington Phoenix FC;0.5;29;3
713;28;Elijah Henry Just;MID;Motherwell FC;2.5;45;11
714;28;Alexander Noah Paulsen;GK;Lechia Gda ń sk;0.5;8;0
715;28;Liberato Gianpaolo Cacace;DEF;Wrexham AFC;2.5;38;1
716;28;Alex Arthur Rufer;MID;Wellington Phoenix FC;0.6;26;0
717;28;Nando Zen Pijnaker;DEF;Auckland FC;0.4;26;0
718;28;Finn Surman;DEF;Portland Timbers;1.8;20;2
719;28;Kosta Barbarouses;FWD;WS Wanderers FC;2.5142;76;10
720;28;Benjamin Peter Waine;FWD;Port Vale FC;0.4;31;9
721;28;Benjamin Craig Old;MID;AS Saint-Etienne;1.8;25;2
722;28;Mc;MID;Silkeborg IF;;34;5
723;28;Jesse Carmichael Randall;FWD;Auckland FC;0.9;12;2
724;28;Michael Cornelis Woud;GK;Auckland FC;0.4;7;0
725;28;Ryan Jared Thomas;MID;PEC Zwolle;0.65;26;3
726;28;Callan Rennie Elliot;DEF;Auckland FC;;12;0
727;28;Lachlan Ryan Bayliss;MID;Newcastle United Jets FC;0.55;4;0
728;28;Thomas Jefferson Smith;DEF;Braintree Town FC;0.05;57;2
729;29;David Raya;GK;Arsenal FC;30;13;0
730;29;Marc Pubill;DEF;Atlético De Madrid;63.5716;2;0
731;29;Alejandro Grimaldo;DEF;Bayer 04 Leverkusen;105.3875;14;0
732;29;Eric Garcia;DEF;FC Barcelona;99.4213;21;0
733;29;Marcos Llorente;DEF;Atlético De Madrid;74.9189;25;0
734;29;Mikel Merino;MID;Arsenal FC;101.2034;44;10
735;29;Ferran Torres;FWD;FC Barcelona;75.8044;58;24
736;29;Fabian Ruiz;MID;Paris Saint-Germain;58.5513;43;6
737;29;Pablo Gavi;MID;FC Barcelona;;31;5
738;29;Daniel Olmo;FWD;FC Barcelona;118.3812;51;12
739;29;Yeremy Jesús Pino;FWD;Crystal Palace FC;52.7416;23;4
740;29;Pedro Antonio Porro;DEF;Tottenham Hotspur FC;90.689;18;0
741;29;Joan Garcia;GK;FC Barcelona;;2;0
742;29;Aymeric Laporte;DEF;Athletic Club;74.7401;47;2
743;29;Alejandro Baena;MID;Atlético De Madrid;103.201;17;2
744;29;Rodrigo Rodri;MID;Manchester City FC;64.141;63;4
745;29;Nicholas Williams;FWD;Athletic Club;55.3146;31;6
746;29;Martin Zubimendi;MID;Arsenal FC;75.6075;26;3
747;29;Lamine Yamal Yamal;FWD;FC Barcelona;200;26;6
748;29;Pedro Pedri;MID;FC Barcelona;150;42;6
749;29;Mikel Oyarzabal;FWD;Real Sociedad;35;54;25
750;29;Pau Cubarsi;DEF;FC Barcelona;65.913;13;0
751;29;Unai Simon;GK;Athletic Club;108.5284;59;0
752;29;Marc Cucurella;DEF;Chelsea FC;84.8593;25;1
753;29;Victor Munoz;FWD;CA Osasuna;109.6576;2;1
754;29;Borja Iglesias;FWD;RC Celta Vigo;51.1999;8;0
755;30;José Vozinha;GK;GD Chaves;;91;0
756;30;Ianique Stopira;DEF;SCU Torreense;4.0006;61;4
757;30;Alberto Diney;DEF;Al Bataeh Club;3.6835;33;2
758;30;Carlos Pico Lopes;DEF;Shamrock Rovers FC;3.3549;46;0
759;30;Evans Logan Costa;DEF;Villarreal CF;1.9807;28;0
760;30;Lenini Kevin Pina;MID;FC Krasnodar;2.3599;32;3
761;30;Eduardo Jovane;MID;CF Estrela Da Amadora;2.8186;30;3
762;30;Paulo Joao Paulo;MID;FC FCSB;6.5343;42;1
763;30;BENCHIMOLGilson Gilson;FWD;FC Akron Tolyatti;4.8164;21;6
764;30;Gregory Jamiro Monteiro;MID;PEC Zwolle;6.7227;56;5
765;30;RODRIGUESGarry Garry;MID;Apollon Limassol;1.8517;61;10
766;30;Salomão Marcio;GK;PFC Montana;3.088;11;0
767;30;CABRALSidny Sidny Lopes;DEF;SL Benfica;;12;3
768;30;Deroy Deroy Duarte;MID;PFC Ludogorets Razgrad;2.1242;34;0
769;30;Michael Laros Duarte;MID;Puskás Akadémia FC;1.7405;21;1
770;30;SEMEDOJair Yannick;MID;SC Farense;3.6068;11;1
771;30;Johnson Willy;MID;AC Omonia;6.5962;39;3
772;30;Emanuel Telmo;MID;Vitória SC;2.2103;17;1
773;30;Dailon Dailon Livramento;FWD;Casa Pia AC;2.5506;23;7
774;30;Isaac Ryan;FWD;I ğ dır FK;3.2057;99;22
775;30;Miguel Nuno Da Costa;MID;Ba ş ak ş ehir FK;4.1374;10;2
776;30;MOREIRASteven Steven;DEF;Columbus Crew;3.9567;21;0
777;30;Joaquim Cj Dos Santos;GK;San Diego FC;2.8403;1;0
778;30;Fabricio Wagner Pina;DEF;Trabzonspor;1.8974;14;0
779;30;PIRESKelvin Kelvin;DEF;SJK;4.5253;6;1
780;30;Sandro Helio Varela;MID;Maccabi Tel-Aviv FC;2.7007;21;0
781;31;Dhahi Nawaf Alaqidi;GK;Al Nassr FC;3.1217;24;0
782;31;Hassan Ali Majrashi;DEF;Al Ahli FC;5.7203;21;0
783;31;Mohammed Ali Lajami;DEF;Al Hilal SC;5.0378;25;1
784;31;Ali Abdulelah Alamri;DEF;Al Nassr FC;4.3719;45;2
785;31;Mohammed Hassan Altambakti;DEF;Al Hilal SC;4.8426;55;1
786;31;Essa Nasser Aldawsari;MID;Al Hilal SC;6.5107;48;1
787;31;Fahad Musab Aljuwayr;MID;Al Qadsiah FC;3.6504;38;6
788;31;Yahya Aiman Yahya;FWD;Al Nassr FC;5.2498;26;0
789;31;Tariq Feras;FWD;Al Ahli FC;4.6335;73;16
790;31;Mohammed Salem Aldawsari;FWD;Al Hilal SC;;112;27
791;31;Khalid Saleh;FWD;Al Ittihad;5.7562;59;17
792;31;Abdullah Saud Abdulhamid;DEF;RC Lens;5.1632;56;1
793;31;Meshari Nawaf Bu Washl;DEF;Al Nassr FC;6.4595;28;0
794;31;Kadish Hassan;DEF;Al Ittihad;3.6577;21;2
795;31;Mohammed Abdullah Alkhaibari;MID;Al Nassr FC;4.1891;43;0
796;31;Mubarak Ziyad Aljohani;MID;Al Ahli FC;5.1042;12;0
797;31;Essa Khalid Alghannam;FWD;Al Ettifaq FC;7.06;7;0
798;31;Mohsen Ala Alhajji;MID;Neom SC;4.2501;4;0
799;31;Abdulrahman Abdullah Alhamddan;FWD;Al Nassr FC;6.8888;53;13
800;31;Ahmed Sultan Mandash;FWD;Al Hilal SC;5.7332;7;2
801;31;Khalil Mohammed Alowais;GK;Al Ula Saudi FC;2.5021;66;0
802;31;Ali Ahmed;GK;Al Qadsiah FC;5.0329;9;0
803;31;Ibrahim Mohamed;MID;Al Hilal SC;2.5251;80;8
804;31;Saad Moteb Alharbi;DEF;Al Hilal SC;4.6348;14;0
805;31;Abdullatif Jehad Thikri;DEF;Al Qadsiah FC;4.7216;8;0
806;31;Waheeb Mohammed Abu Alshamat;DEF;Al Qadsiah FC;7.1726;9;0
807;32;Sergio Ramón Rochet;GK;SC Internacional;11.9515;35;0
808;32;José María Gimenez;DEF;Atlético De Madrid;11.8973;99;8
809;32;Sebastián Enzo Caceres;DEF;Club América;6.5416;24;0
810;32;Ronald Federico Araujo;DEF;FC Barcelona;17.8698;27;1
811;32;Manuel Ugarte;MID;Manchester United FC;7.2367;36;1
812;32;Rodrigo Bentancur;MID;Tottenham Hotspur FC;6.2181;74;3
813;32;Diego Nicolás De La Cruz;MID;CR Flamengo;20.9398;35;5
814;32;Federico Santiago Valverde;MID;Real Madrid C. F.;15.9308;74;9
815;32;Darwin Gabriel Nunez;FWD;Al Hilal SC;20.9563;39;13
816;32;Giorgian Daniel De Arrascaeta;MID;CR Flamengo;8.4153;59;13
817;32;Facundo Pellistri;FWD;Panathinaikos FC;;39;2
818;32;Santiago Andres Mele;GK;CF Monterrey;;8;0
819;32;Guillermo Varela;DEF;CR Flamengo;11.8888;28;0
820;32;Agustin Canobbio;MID;Fluminense FC;8;15;1
821;32;Emiliano Martinez;MID;SE Palmeiras;12;10;0
822;32;Mathías Olivera;DEF;SSC Napoli;21.3697;36;2
823;32;Matías Nicolas Vina;DEF;CA River Plate;11.4195;44;1
824;32;Paul Brian Rodriguez;FWD;Club América;16.6801;34;4
825;32;Rodrigo Sebastian Aguirre;FWD;Tigres UANL;10.296;11;3
826;32;Maximiliano Javier Araujo;MID;Sporting CP;15.1188;29;4
827;32;Federico Sebastian Vinas;FWD;Real Oviedo;11.7699;12;2
828;32;Joaquin Piquerez;MID;SE Palmeiras;9.0743;19;0
829;32;Nestor Fernando Muslera;GK;Estudiantes LP;9.2007;135;0
830;32;Santiago Ignacio Bueno;DEF;Wolverhampton Wanderers FC;7.4865;8;0
831;32;Juan Manuel Sanabria;MID;Real Salt Lake;8.3674;6;1
832;32;Radrigo Zalazar;MID;SC Braga;;7;2
833;33;Brice Lauriche Samba;GK;Stade Rennais FC;7;4;0
834;33;Malo Arthur Gusto;DEF;Chelsea FC;35;11;0
835;33;Lucas Digne;DEF;Aston Villa FC;6;58;0
836;33;Dayotchanculle Oswald Upamecano;DEF;FC Bayern München;70;39;2
837;33;Jules Olivier Kounde;DEF;FC Barcelona;60;49;0
838;33;Emmanuel Boris Kone;MID;AS Roma;59.5278;14;0
839;33;Masour Ousmane Dembele;FWD;Paris Saint-Germain;100;60;7
840;33;Aurélien Djani Tchouameni;MID;Real Madrid C. F.;70;47;3
841;33;Marcus Lilian Thuram;FWD;FC Internazionale Milano;64.4535;34;3
842;33;Kylian Mbappe;FWD;Real Madrid C. F.;180;99;58
843;33;Michael Akpovie Olise;FWD;FC Bayern München;150;18;7
844;33;Bradley Jean-Manuel Essolisa Barcola;FWD;Paris Saint-Germain;69.2231;21;4
845;33;N'golo Kante;MID;Fenerbahçe SK;4;69;2
846;33;Adrien Thibault Marie Rabiot;MID;AC Milan;18;60;7
847;33;Ibrahima Konate;DEF;Liverpool FC;45;28;0
848;33;Mike Peterson Maignan;GK;AC Milan;20;41;0
849;33;William Alain André Gabriel Saliba;DEF;Arsenal FC;100;33;0
850;33;Warren Marie Jean-Pierre Zaire-Emery;MID;Paris Saint-Germain;80;11;1
851;33;Théo Bernard François Hernandez;DEF;Al Hilal SC;20;45;2
852;33;Désiré Nonka-Maho Doue;FWD;Paris Saint-Germain;120;8;2
853;33;Lucas Francois Bernard Hernandez;DEF;Paris Saint-Germain;18;42;0
854;33;Jean-Philippe Mateta;FWD;Crystal Palace FC;30;4;2
855;33;Robin François Philippe Risser;GK;RC Lens;30;0;0
856;33;Mathis Rayan Cherki;MID;Manchester City FC;90;8;2
857;33;Maghnes Akliouche;MID;AS Monaco;50;9;1
858;33;Maxence Guy Lacroix;DEF;Crystal Palace FC;50;4;0
859;34;Yehvann Djibril Victor Diouf;GK;OGC Nice;7;2;0
860;34;Mamadou Sarr;DEF;Chelsea FC;22;8;0
861;34;Kalidou Koulibaly;DEF;Al Hilal SC;4.5;105;2
862;34;Abdoulaye Seck;DEF;Maccabi Haifa FC;0.4;23;4
863;34;Idrissa Gana Gueye;MID;Everton FC;0.5;137;7
864;34;Ismaila Pathe Ciss;MID;Rayo Vallecano;1.8;32;0
865;34;Assane Diao;FWD;Como;30;5;0
866;34;Lamine Camara;MID;AS Monaco;40;46;7
867;34;Ahmadou Bamba Mbacke Dieng;FWD;FC Lorient;20.8403;24;2
868;34;Sadio Mane;FWD;Al Nassr FC;6;131;54
869;34;Nicolas Jackson;FWD;FC Bayern München;40;35;8
870;34;Pape Cherif Ndiaye;FWD;Samsunspor;5;19;4
871;34;Iliman Cheikh Baroy Ndiaye;FWD;Everton FC;55;42;4
872;34;Ismail Joshua Jakobs;DEF;Galatasaray SK;8;31;0
873;34;Krepin Diatta;DEF;AS Monaco;6;63;2
874;34;Edouard Osoque Mendy;GK;Al Ahli FC;4;59;0
875;34;Pape Matar Sarr;MID;Tottenham Hotspur FC;30;41;4
876;34;Ismaila Sarr;FWD;Crystal Palace FC;40;85;19
877;34;Moussa Niakhate;DEF;Olympique Lyonnais;15;33;0
878;34;Ibrahim Mbaye;FWD;Paris Saint-Germain;;12;4
879;34;Habib Mbacke Diarra;MID;Sunderland AFC;7.4049;22;4
880;34;Bara Sapoko Ndiaye;MID;FC Bayern München;4;1;0
881;34;Mory Diaw;GK;Le Havre AC;;5;0
882;34;Antoine Alpha Mendy;DEF;OGC Nice;10;7;0
883;34;El Hadji Malick Diouf;DEF;West Ham United FC;28;21;1
884;34;Pape Alassane Gueye;MID;Villarreal CF;40;43;6
885;35;Talib Raheem Fahad Talib;GK;Al Talaba SC;4.1915;21;0
886;35;Ghareeb Solaka Rebin Sulaka;DEF;Port FC;3.1303;56;1
887;35;Haydar Hussein Hussein;DEF;Pogo ń  Szczecin;;28;1
888;35;Tahseen Abd Zaid Zaid;DEF;Pakhtakor Tashkent FK;2.4666;29;1
889;35;Hashim Rahman Akam Hashim;DEF;Al Zawra'a SC;5.8029;15;1
890;35;Younus Hashim Munaf Younus;DEF;Al Shorta SC;2.2788;34;1
891;35;Wali Faeq Youssef Amyn;MID;AEK Larnaca FC;7.9332;27;2
892;35;Bayesh Kamil Ibrahim Bayesh;MID;Al Dhafra SCC;3.3397;77;8
893;35;Ibrahim Karim Ali Alhamadi;FWD;Luton Town FC;4.9975;21;5
894;35;Ali Kadhim Mohanad Ali;FWD;Dibba FC;4.6313;73;26
895;35;Ihab Ahmed Ahmed;FWD;Nashville SC;5.858;4;0
896;35;Hasan Hachim Jalal Hassan;GK;Al Zawra'a SC;3.1766;105;0
897;35;Yousif Hashim Ali Yousif;FWD;Al Talaba SC;2.2755;7;1
898;35;Aamar Iqbal Zidane;MID;FC Utrecht;4.4868;26;2
899;35;Hasan Maknazi Ahmed Maknazi;DEF;Al Karma SC;;7;0
900;35;Fouad Aboud Amir Alammari;MID;KS Cracovia;7.5818;52;3
901;35;Jasim Elaibi Ali Jasim;FWD;Al Najmah SC;4.5643;37;2
902;35;Hussein Ghadhban Aymen;FWD;Al Karma SC;;96;34
903;35;Yakob William Kevin Yakob;MID;Aarhus GF;2.2415;9;0
904;35;Hazar Anwar Aimar;MID;Sarpsborg 08 FF;6.2377;7;0
905;35;Jabbar Hussein Marko Farji;FWD;Venezia FC;6.0738;13;0
906;35;Basil Fadhil Ahmed;GK;Al Shorta SC;1.997;16;0
907;35;Ghazi Salih Merchas;DEF;FC Viktoria Plze ň;6.1782;32;1
908;35;Ismael Khaleel Zaid Ismael;MID;Al Talaba SC;5.8496;7;0
909;35;Saadoon Abbood Mustafa;DEF;Al Shorta SC;3.2195;18;0
910;35;Dhia Jirjis Frans;DEF;Persib Bandung;5.7142;28;0
911;36;Ørjan Haskjold Nyland;GK;Sevilla FC;0.8;72;0
912;36;Morten Thorsby;MID;US Cremonese;2.8;31;0
913;36;Kristoffer Vassbakk Köpp Ajer;DEF;Brentford FC;18;53;2
914;36;Leo Skiri Ostigard;DEF;Genoa CFC;2.8236;39;2
915;36;David Møller Moller Wolfe;DEF;Wolverhampton Wanderers FC;3.6553;23;1
916;36;Patrick Berg;MID;FK Bodø/Glimt;8;44;0
917;36;Alexander Sorloth;FWD;Atlético De Madrid;8.5995;73;26
918;36;Sander Gard Bolin Berge;MID;Fulham FC;25;67;1
919;36;Erling Braut Haaland;FWD;Manchester City FC;200;51;57
920;36;Martín Odegaard;MID;Arsenal FC;6.7771;69;5
921;36;Jørgen Strand Strand Larsen;FWD;Crystal Palace FC;9.499;28;6
922;36;Sander Tangvik;GK;Hamburger SV;3;0;0
923;36;Egil Selvik;GK;Watford FC;1.5;7;0
924;36;Fredrik Aursnes;MID;SL Benfica;15;23;1
925;36;Fredrik André Bjorkan;DEF;FK Bodø/Glimt;9.6089;21;1
926;36;Marcus Holmgren Holmgren Pedersen;DEF;Torino FC;7.0641;32;0
927;36;Torbjørn Lysaker Heggem;DEF;Bologna FC;13;16;0
928;36;Kristian Thorstvedt;MID;US Sassuolo;12;38;4
929;36;Thelonious Gerard Aasgaard;MID;Rangers FC;2.8;8;5
930;36;Antonio Eromonsele Nordby Nusa;FWD;RB Leipzig;32;25;8
931;36;Andreas Rædergård Schjelderup;MID;SL Benfica;8.2224;13;1
932;36;Oscar Bobb;MID;Fulham FC;28;21;2
933;36;Jens Petter Hauge;MID;FK Bodø/Glimt;12;15;1
934;36;Sondre Klingen Langas;DEF;Derby County FC;4;3;0
935;36;Henrik Sælebakke Falchener;DEF;Viking Stavanger;;1;0
936;36;Julian Ryerson;FWD;Borussia Dortmund;25;44;1
937;37;Juan Agustín Musso;GK;Atlético De Madrid;3;4;0
938;37;Marcos Nicolás Senesi;DEF;AFC Bournemouth;140.8331;3;0
939;37;Nicolás Alejandro Tagliafico;DEF;Olympique Lyonnais;4;76;1
940;37;Gonzalo Ariel Montiel;DEF;CA River Plate;4.5;40;2
941;37;Leandro Daniel Paredes;MID;CA Boca Juniors;5;77;5
942;37;Lisandro Martinez;DEF;Manchester United FC;40;29;1
943;37;Rodrigo Javier De Paul;MID;Inter Miami CF;;88;2
944;37;Valentin Barco;MID;RC Strasbourg;40;4;2
945;37;Julián Alvarez;FWD;Atlético De Madrid;100;52;14
946;37;Lionel Andrés Messi;FWD;Inter Miami CF;15;200;120
947;37;Giovani Lo Celso;MID;Real Betis;8;67;4
948;37;Geronimo Rulli;GK;Olympique Marseille;6;8;0
949;37;Cristian Gabriel Romero;DEF;Tottenham Hotspur FC;45;52;3
950;37;Exequiel Alejandro Palacios;MID;Bayer 04 Leverkusen;;40;0
951;37;Nicolas Ivan Gonzalez;MID;Atlético De Madrid;22;52;6
952;37;Thiago Ezequiel Almada;FWD;Atlético De Madrid;15;17;5
953;37;Giuliano Simeone;FWD;Atlético De Madrid;40;13;2
954;37;Nicolas Paz;FWD;Como;91.1267;10;1
955;37;Nicolas Hernan Gonzalo Otamendi;DEF;SL Benfica;;133;8
956;37;Alexis Mac Allister;MID;Liverpool FC;70;47;6
957;37;Jose Manuel Alberto Lopez;FWD;SE Palmeiras;25;5;0
958;37;Lautaro Javier Martinez;FWD;FC Internazionale Milano;85;78;37
959;37;Damián Emiliano Martinez;GK;Aston Villa FC;12;60;0
960;37;Enzo Jeremías Fernandez;MID;Chelsea FC;90;43;6
961;37;Facundo Axel Medina;DEF;Olympique Marseille;18;10;0
962;37;Nahuel Molina;DEF;Atlético De Madrid;105.5797;59;1
963;38;Melvin Feycal Mastil;GK;FC Stade Nyonnais;0.3;2;0
964;38;Aissa Mandi;DEF;Lille OSC;1;120;8
965;38;Achref Abada;DEF;USM Alger;1;10;1
966;38;Mohamed Amine Tougai;DEF;Espérance De Tunisie;1.3;30;2
967;38;Zineddine Belaid;DEF;JS Kabylie;1.8;18;1
968;38;Ramiz Larbi Zerrouki;MID;FC Twente;6.5;54;3
969;38;Riyad Karim Mahrez;FWD;Al Ahli FC;5;117;38
970;38;Houssem-Eddine Chaabane Aouar;MID;Al Ittihad;8;24;6
971;38;Amine Ferid Gouiri;FWD;Olympique Marseille;6.3203;24;10
972;38;Fares Chaibi;MID;Eintracht Frankfurt;15;32;3
973;38;Anis Hadj Moussa;FWD;Feyenoord Rotterdam;23;16;2
974;38;Ahmed Nadhir Benbouali;FWD;Györi ETO FC;0.6;4;1
975;38;Jaouen Djimmy Hadjam;DEF;BSC Young Boys;7;18;3
976;38;Hicham Boudaoui;MID;OGC Nice;12;35;0
977;38;Rayan Ait-Nouri;DEF;Manchester City FC;40;31;0
978;38;Oussama Benbot;GK;USM Alger;0.85;3;0
979;38;Rafik Belghali;DEF;Hellas Verona FC;7;14;1
980;38;Mohammed Elamine Amoura;FWD;VfL Wolfsburg;20;48;19
981;38;Nabil Bentaleb;MID;Lille OSC;4.5;61;6
982;38;Adil Boulbina;FWD;Al Duhail SC;3;12;5
983;38;Selmane Rami Bensebaini;DEF;Borussia Dortmund;10.5577;83;9
984;38;Ibrahim Maza;MID;Bayer 04 Leverkusen;45;18;2
985;38;Luca Zinedine Zidane;GK;Granada CF;1;8;0
986;38;Yassine Titraoui;MID;Sporting Charleroi;4.8129;5;0
987;38;Fares Ghedjemis;FWD;Frosinone;0.6;1;1
988;38;Samir Sophian Chergui;DEF;Paris FC;3;5;0
989;39;Alexander Schlager;GK;FC Red Bull Salzburg;2;27;0
990;39;David Leopold Affengruber;DEF;Elche CF;20;1;0
991;39;Kevin Danso;DEF;Tottenham Hotspur FC;20;33;0
992;39;Xaver Schlager;MID;RB Leipzig;10;52;4
993;39;Stefan Posch;DEF;1. FSV Mainz 05;6;53;5
994;39;Nicolas Seiwald;MID;RB Leipzig;25;48;1
995;39;Marko Arnautovic;FWD;FK Crvena Zvezda;2;134;48
996;39;David Alaba;DEF;Real Madrid C. F.;3;114;15
997;39;Marcel Sabitzer;MID;Borussia Dortmund;6;99;26
998;39;Florian Grillitsch;MID;SC Braga;2.5;59;1
999;39;Michael Gregoritsch;FWD;FC Augsburg;1.5;75;24
1000;39;Florian Wiegele;GK;FC Viktoria Plze ň;2.2;1;0
1001;39;Patrick Pentz;GK;Brøndby IF;2.2;18;0
1002;39;Saša Kalajdzic;FWD;LASK Linz;4;23;4
1003;39;Philipp Lienhart;DEF;SC Freiburg;10;42;3
1004;39;Phillip Mwene;DEF;1. FSV Mainz 05;1.5;31;0
1005;39;Carney Chibueze Chukwuemeka;MID;Borussia Dortmund;9.8632;4;1
1006;39;Romano Schmid;MID;SV Werder Bremen;15;35;4
1007;39;Dejan Ljubicic;MID;FC Schalke 04;5;9;1
1008;39;Konrad Laimer;MID;FC Bayern München;32;58;7
1009;39;Patrick Wimmer;FWD;VfL Wolfsburg;12;31;1
1010;39;Alexander Prass;MID;TSG Hoffenheim;;19;0
1011;39;Marco Friedl;DEF;SV Werder Bremen;10;11;0
1012;39;Paul Wanner;MID;PSV Eindhoven;22;4;0
1013;39;Michael Svoboda;DEF;Venezia FC;0.9;4;0
1014;39;Alessandro Andre Schoepf;MID;Wolfsberger AC;10.255;35;6
1015;40;Mo'ien Hasan Yazeed Abulaila;GK;Al Hussein SC;2.3249;77;0
1016;40;Ali Hasan Mohammad;DEF;Al Karma SC;3.7136;56;1
1017;40;Mousa Musallam Abdallah Nasib;DEF;Al Zawra'a SC;4.3331;66;2
1018;40;Ali Mohammad Husam Abudahab;DEF;Al Faisaly SC;3.8686;17;0
1019;40;Mousa Mahmoud Yazan Alarab;DEF;FC Seoul;1.9553;81;3
1020;40;Rasem Adel Amer Jamous;MID;Al Zawra'a SC;;19;1
1021;40;Faisal Yousef Mohammad;FWD;Raja Casablanca;4.5981;40;5
1022;40;Mahmoud Ali Noor Alrawabdeh;MID;Selangor FC;2.4774;69;3
1023;40;Iyad Ali Ali Olwan;FWD;Al Sailiya SC;4.3717;67;30
1024;40;Mohammad Mousa Mousa Altamari;FWD;Stade Rennais FC;6.0126;93;24
1025;40;Burhan Shehadeh Odeh Fakhoury;FWD;Pyramids FC;2.8892;11;1
1026;40;Zaid Khaleel Nour Baniateyah;GK;Al Faisaly SC;1.9091;5;0
1027;40;Nayef Ahmad Mahmoud Almardi;FWD;Al Hussein SC;1.8809;88;8
1028;40;Ayed Fadel Rajaei Ayed;MID;Al Hussein SC;4.2336;73;0
1029;40;Mohammad Sami Ibrahim;MID;Al Karma SC;;57;3
1030;40;Majed Jamil Mohammad Abualnadi;DEF;Selangor FC;6.868;19;0
1031;40;Amer Saleem Saleem;DEF;Al Hussein SC;5.5012;13;0
1032;40;Ahmed Mohammad Mohammad;MID;Al Hussein SC;3.8301;0;0
1033;40;Ahmad Salameh Saed;DEF;Al Hussein SC;6.8718;22;2
1034;40;Mahmoud Saleh Mohannad Abutaha;MID;Al-Quwa Al-Jawiya;6.151;31;1
1035;40;Mahmoud Ahmed Nizar Alrashdan;MID;Qatar SC;5.819;48;4
1036;40;Ra'ed Mahmoud Abdallah Alfakhori;GK;Al Wahdat SC;3.9853;16;0
1037;40;Manel Farhan Ehsan Haddad;DEF;Al Hussein SC;2.2212;91;2
1038;40;Ahmad Ali Ali Azaizeh;FWD;Al Shabab FC;;5;0
1039;40;Ratib Mohammad Mohammad Aldaoud;MID;Al Wahdat SC;5.3683;14;1
1040;40;Said Ghazi Anas Badawi;DEF;Al Faisaly SC;3.3937;1;0
1041;41;Diogo Diogo Costa;GK;FC Porto;;44;0
1042;41;SEMEDONélson Nelson;DEF;Fenerbahçe SK;26.7116;51;0
1043;41;Rúben Ruben Dias;DEF;Manchester City FC;59.0752;76;3
1044;41;Tomás Tomas Araujo;DEF;SL Benfica;51.844;6;0
1045;41;Diogo Diogo Dalot;DEF;Manchester United FC;57.4235;35;3
1046;41;Luiz Matheus;MID;Manchester City FC;36.4098;20;2
1047;41;Ronaldo Cristiano Ronaldo;FWD;Al Nassr FC;10;229;143
1048;41;Miguel Bruno;MID;Manchester United FC;27.5564;90;29
1049;41;RAMOSGonçalo Goncalo;FWD;Paris Saint-Germain;61.0319;26;10
1050;41;Bernardo Bernardo Silva;MID;Manchester City FC;22;110;14
1051;41;João Joao Felix;FWD;Al Nassr FC;17.4307;54;12
1052;41;Pedro Jose Sa;GK;Wolverhampton Wanderers FC;58.2794;5;0
1053;41;Renato Renato Veiga;DEF;Villarreal CF;49.7762;14;1
1054;41;Gonçalo Goncalo Inacio;DEF;Sporting CP;20.978;22;2
1055;41;Pedro Joao Neves;MID;Paris Saint-Germain;;23;4
1056;41;António Francisco Trincao;FWD;Sporting CP;20.4002;18;3
1057;41;Alexandre Rafael Leao;FWD;AC Milan;50;45;5
1058;41;Pedro Pedro Neto;FWD;Chelsea FC;29.098;26;3
1059;41;Manuel Goncalo;FWD;Real Sociedad;;35;8
1060;41;Pedro Joao Cancelo;DEF;FC Barcelona;26.5002;69;12
1061;41;Diogo Ruben;MID;Al Hilal SC;39.7469;67;1
1062;41;Tiago Rui Silva;GK;Sporting CP;20.5969;3;0
1063;41;Vitor Vitinha;MID;Paris Saint-Germain;140;39;0
1064;41;Samuel Samu Costa;DEF;RCD Mallorca;26.6605;6;0
1065;41;Alexandre Nuno;DEF;Paris Saint-Germain;56.2204;45;1
1066;41;Francisco Francisco Conceicao;FWD;Juventus FC;55.9853;18;4
1067;42;Lionel Nzau Mpasi;GK;Le Havre AC;0.4;29;0
1068;42;Wan Wan-Bissaka;DEF;West Ham United FC;4.1226;13;0
1069;42;Steve Nkanu Kapuadi;DEF;Widzew Ł ód ź;2.5;4;0
1070;42;Axel Tuanzebe;DEF;Burnley FC;5;14;1
1071;42;Dylan Buduka Batubinsika;DEF;AEL FC;;15;1
1072;42;Ngal’ayel Mukau;MID;Lille OSC;15;15;0
1073;42;Nathanaël Mbuku;MID;Montpellier HSC;2;19;2
1074;42;Samuel Alain Moutoussamy;MID;Atromitos FC;1.2;59;0
1075;42;Kibambe Brian Cipenga;FWD;CD Castellón;2;8;0
1076;42;Theo Mbulofeko Batombo Bongonda;MID;FC Spartak Moscow;3;38;7
1077;42;Gaël Roméo Kakuta;FWD;AEL FC;5.5037;31;5
1078;42;Joris Kayembe;DEF;KRC Genk;2.3405;27;1
1079;42;Meschack Lina Elia;FWD;Alanyaspor;1.5;68;12
1080;42;Noah Junior Sadiki;MID;Sunderland AFC;35;21;0
1081;42;Tshibola Tshibola;MID;Kilmarnock FC;4.4168;17;1
1082;42;Timothy Bruce Munzoko Fayulu;GK;FC Noah;0.8;3;0
1083;42;Cedric Bakambu;FWD;Real Betis;1.2;71;21
1084;42;Charles Monginda Pickel;MID;RCD Espanyol;2.5;35;1
1085;42;Mayele Fiston Mayele;FWD;Pyramids FC;5.3397;36;5
1086;42;Yoane Wissa;FWD;Newcastle United FC;25;39;9
1087;42;Matthieu Luka Epolo;GK;Standard Liège;8;1;0
1088;42;Mangulu Chancel Mbemba;DEF;Lille OSC;2;110;7
1089;42;Simon Bokote Banza;FWD;Al Jazira;11;16;2
1090;42;Gédéon Tchingoma Kyatengwa Kalulu;DEF;Aris Limassol FC;3.5;29;0
1091;42;Edo Kayembe Kayembe;MID;Watford FC;4;43;2
1092;42;Arthur Fuka Masuaku;DEF;RC Lens;5.1146;45;4
1093;43;Utkir Yusupov;GK;PFC Navbahor Namangan;0.5;46;0
1094;43;Abdukodir Khusanov;DEF;Manchester City FC;50;28;0
1095;43;Khojiakbar Alijonov;DEF;Pakhtakor Tashkent FK;1.3;52;3
1096;43;Farrukh Sayfiev;DEF;FK Neftchi Farg'ona;0.225;72;1
1097;43;Rustamjon Ashurmatov;DEF;Esteghlal Tehran FC;;52;1
1098;43;Akmal Mozgovoy;MID;Pakhtakor Tashkent FK;1.4;26;1
1099;43;Otabek Shukurov;MID;Baniyas Club;1.5;91;10
1100;43;Jamshid Iskanderov;MID;FK Neftchi Farg'ona;1;46;4
1101;43;Odiljon Xamrobekov;MID;Tractor Sazi Tabriz FC;1;76;1
1102;43;Ruslanbek Jiyanov;MID;PFC Navbahor Namangan;0.8;8;1
1103;43;Oston Urunov;MID;Persepolis FC;2;46;10
1104;43;Abduvakhid Nematov;GK;Nasaf Qarshi FC;1.5;15;0
1105;43;Sherzod Nasrullaev;DEF;Pakhtakor Tashkent FK;1.2;41;2
1106;43;Eldor Shomurodov;FWD;Ba ş ak ş ehir FK;7;94;44
1107;43;Umarbek Eshmurodov;DEF;Nasaf Qarshi FC;0.45;40;0
1108;43;Botirali Ergashev;GK;FK Neftchi Farg'ona;0.5;5;0
1109;43;Dostonbek Khamdamov;MID;Pakhtakor Tashkent FK;0.9;38;5
1110;43;Abdulla Abdullaev;DEF;Dibba FC;0.5;30;0
1111;43;Azizjon Ganiev;MID;Al Bataeh Club;2;24;0
1112;43;Azizbek Amonov;FWD;FK Dinamo Samarkand;0.5;14;2
1113;43;Igor Sergeev;FWD;Persepolis FC;1.2;86;25
1114;43;Abbosbek Fayzullaev;MID;Ba ş ak ş ehir FK;7;33;9
1115;43;Sherzod Esanov;MID;FK Buxoro;0.45;1;0
1116;43;Behruzjon Karimov;DEF;Surkhon FK;0.35;3;0
1117;43;Avazbek Ulmasaliyev;DEF;OKMK FK;0.5;0;0
1118;43;Jakhongir Urozov;DEF;FK Dinamo Samarkand;0.6;5;1
1119;44;David Ospina;GK;Atlético Nacional;7.9341;130;0
1120;44;Daniel Munoz;DEF;Crystal Palace FC;18.9182;47;4
1121;44;Jhon Janer Lucumi;DEF;Bologna FC;19.2894;38;1
1122;44;Santiago Arias;DEF;CA Independiente;16.2234;68;0
1123;44;Kevin Duvan Castano;MID;CA River Plate;12.4803;26;0
1124;44;Richard Rios;MID;SL Benfica;25.3162;33;2
1125;44;Luis Fernando Diaz;FWD;FC Bayern München;50;75;23
1126;44;Jorge Andres Carrascal;MID;CR Flamengo;12.205;25;2
1127;44;Jhon Andrés Cordoba;FWD;FC Krasnodar;16.9108;21;6
1128;44;James David Rodriguez;MID;Minnesota United FC;8.3045;127;31
1129;44;Jhon Adolfo Arias;MID;SE Palmeiras;24.7671;39;6
1130;44;Camilo Andres Vargas;GK;Atlas FC;17.816;43;0
1131;44;Yerry Fernando Mina;DEF;Cagliari;26.0197;54;8
1132;44;Gustavo Adolfo Puerta;DEF;Racing Santander;17.7746;7;1
1133;44;Juan Camilo Portilla;MID;Athletico Paranaense;15.07;10;0
1134;44;Jefferson Andrés Lerma;MID;Crystal Palace FC;27.0218;66;5
1135;44;Johan Andrés Mojica;DEF;RCD Mallorca;17.8577;46;1
1136;44;Willer Emilio Ditta;DEF;CF Cruz Azul;;5;0
1137;44;Juan Camilo Hernandez;FWD;Real Betis;14.8992;10;2
1138;44;Juan Fernando Quintero;MID;CA River Plate;12.6548;49;6
1139;44;Jaminton Leandro Campaz;FWD;CA Rosario Central;5.5;11;2
1140;44;Deiver Machado;DEF;FC Nantes;25.9055;15;0
1141;44;Davinson Sanchez;DEF;Galatasaray SK;14.9793;80;4
1142;44;Álvaro David Montero;GK;CA Vélez Sarsfield;8.1434;12;0
1143;44;Luis Javier Suarez;FWD;Sporting CP;20.3339;13;5
1144;44;Carlos Andrés Gomez;FWD;CR Vasco Da Gama;17.1656;9;2
1145;45;Jordan Lee Pickford;GK;Everton FC;13;85;0
1146;45;Ezri Ngoyo Konsa;DEF;Aston Villa FC;;21;1
1147;45;Nico Oreilly;DEF;Manchester City FC;67.4436;6;0
1148;45;Declan Rice;MID;Arsenal FC;120;74;7
1149;45;John Stones;DEF;Manchester City FC;12;90;3
1150;45;Keaninkin Marc-Isreal Guehi;DEF;Manchester City FC;26.098;30;1
1151;45;Bukayo Ayoyinka Saka;FWD;Arsenal FC;110;50;14
1152;45;Elliot Junior Anderson;MID;Nottingham Forest FC;75;10;0
1153;45;Harry Edward Kane;FWD;FC Bayern München;60;115;81
1154;45;Jude Victor William Bellingham;MID;Real Madrid C. F.;130;49;7
1155;45;Marcus Rashford;FWD;FC Barcelona;40;73;19
1156;45;Trevoh Tom Chalobah;DEF;Chelsea FC;40;1;0
1157;45;Dean Bradley Henderson;GK;Crystal Palace FC;28;5;0
1158;45;Jordan Brian Henderson;MID;Brentford FC;1.2;90;3
1159;45;Daniel Johnson Burn;DEF;Newcastle United FC;4;8;0
1160;45;Kobbie Boateng Mainoo;MID;Manchester United FC;70;14;0
1161;45;Morgan Elliot Rogers;MID;Aston Villa FC;90;16;1
1162;45;Anthony Michael Gordon;FWD;Newcastle United FC;65;20;3
1163;45;George Arthur Watkins;FWD;Aston Villa FC;21.9166;22;7
1164;45;Azuka Tristan Madueke;FWD;Arsenal FC;27.691;12;1
1165;45;Eberechi Oluchi Eze;MID;Arsenal FC;65;17;3
1166;45;Ivan Benjamin Elijah Toney;FWD;Al Ahli FC;20;8;1
1167;45;James Harrington Trafford;GK;Manchester City FC;25;2;0
1168;45;Reece Lewis James;DEF;Chelsea FC;60;25;1
1169;45;Tehuti Djed-Hotep Spence;DEF;Tottenham Hotspur FC;65.4697;7;0
1170;45;Jarell Amorin Quansah;DEF;Bayer 04 Leverkusen;45;3;0
1171;46;Dominik Livakovic;GK;GNK Dinamo Zagreb;4;76;0
1172;46;Josip Stanisic;DEF;FC Bayern München;40;32;0
1173;46;Marin Pongracic;DEF;ACF Fiorentina;6.5;20;0
1174;46;Joško Gvardiol;DEF;Manchester City FC;70;49;4
1175;46;Duje Caleta-Car;DEF;Real Sociedad;2.8;38;1
1176;46;Josip Sutalo;DEF;AFC Ajax;;34;0
1177;46;Nikola Moro;MID;Bologna FC;7;10;0
1178;46;Mateo Kovacic;MID;Manchester City FC;10;114;5
1179;46;Andrej Kramaric;FWD;TSG Hoffenheim;2.5;117;36
1180;46;Luka Modric;MID;AC Milan;3.5;199;29
1181;46;Ante Budimir;FWD;CA Osasuna;2.8;38;6
1182;46;Ivor Pandur;GK;Hull City FC;4.5;0;0
1183;46;Nikola Vlasic;MID;Torino FC;10;64;10
1184;46;Ivan Perisic;FWD;PSV Eindhoven;1.2;155;38
1185;46;Mario Pasalic;MID;Atalanta Bergamo;6;86;12
1186;46;Martin Baturina;MID;Como;30;20;2
1187;46;Petar Sucic;MID;FC Internazionale Milano;40;18;1
1188;46;Kristijan Jakic;DEF;FC Augsburg;6;17;2
1189;46;Toni Fruk;MID;HNK Rijeka;9;7;1
1190;46;Igor Matanovic;FWD;SC Freiburg;22;10;2
1191;46;Luka Sucic;MID;Real Sociedad;10;21;1
1192;46;Luka Vuskovic;DEF;Hamburger SV;60;6;1
1193;46;Dominik Kotarski;GK;FC København;5;4;0
1194;46;Marco Pasalic;FWD;Orlando City SC;6.5;16;1
1195;46;Martin Erlic;DEF;FC Midtjylland;4;13;1
1196;46;Petar Musa;FWD;FC Dallas;12;12;2
1197;47;Lawrence Ati Zigi;GK;FC St. Gallen;1.5;31;0
1198;47;Alidu Seidu;DEF;Stade Rennais FC;;24;1
1199;47;Caleb Marfo Yirenkyi;MID;FC Nordsjælland;10;12;2
1200;47;Jonas Adjei Adjetey;DEF;VfL Wolfsburg;6;11;0
1201;47;Thomas Teye Partey;MID;Villarreal CF;2;59;16
1202;47;Abdul Mumin Mumin;DEF;Rayo Vallecano;4.2419;5;0
1203;47;Abdul Fatawu Fatawu;FWD;Leicester City FC;7.5553;29;3
1204;47;Kwasi Sibo;MID;Real Oviedo;1.4;9;0
1205;47;Jordan Pierre Ayew;FWD;Leicester City FC;1.8;121;34
1206;47;Brandon Michael Clarke Thomas-Asante;FWD;Coventry City FC;;9;1
1207;47;Antoine Serlom Semenyo;MID;Manchester City FC;80;35;3
1208;47;Joseph Tetteh Anang;GK;St Patrick's Athletic FC;0.35;1;0
1209;47;Christopher Bonsu Bonsu Baah;FWD;Al Qadsiah FC;;9;0
1210;47;Gideon Mensah;DEF;AJ Auxerre;4;41;0
1211;47;Elisha Owusu;MID;AJ Auxerre;4;21;0
1212;47;Benjamin Asare;GK;Hearts Of Oak SC;0.1;14;0
1213;47;Abdul Rahman Rahman;DEF;PAOK Saloniki;5.5825;53;1
1214;47;Jerome Opoku;DEF;Ba ş ak ş ehir FK;5;12;1
1215;47;Inaki Williams;FWD;Athletic Club;;26;2
1216;47;Augustine Boakye;MID;AS Saint-Etienne;4;0;0
1217;47;Kojo Peprah Oppong;DEF;OGC Nice;10;4;0
1218;47;Kamal Deen Sulemana;FWD;Atalanta Bergamo;17;29;1
1219;47;Derrick Luckassen;DEF;Pafos FC;1.2;1;0
1220;47;Ernest Nuamah Nuamah;FWD;Olympique Lyonnais;3.9635;20;4
1221;47;Prince Kwabena Adu;FWD;FC Viktoria Plze ň;3;6;0
1222;47;Marvin Elom Senaya;DEF;AJ Auxerre;3;3;0
1223;48;Luis Ricardo Mejia;GK;Club Nacional;11.5214;56;0
1224;48;Cesar Rodolfo Blackman;DEF;Š K Slovan Bratislava;3.9277;41;3
1225;48;Jose Angel Cordoba;DEF;Norwich City FC;6.3731;33;1
1226;48;Fidel Escobar;DEF;Deportivo Saprissa;7.0991;99;4
1227;48;Edgardo Issac Farina;DEF;FC Pari Nizhny Novgorod;8.5127;18;0
1228;48;Cristian Jesus Martinez;MID;Hapoel Kiryat Shmona FC;0.8;68;2
1229;48;Jose Luis Rodriguez;MID;FC Juárez;4.138;71;8
1230;48;Adalberto Eliecer Carrasquilla;MID;Pumas UNAM;7.9669;73;3
1231;48;Tomas Abdiel Rodriguez;FWD;Deportivo Saprissa;6.3983;13;4
1232;48;Ismael Diaz;MID;Club León;8.1828;57;17
1233;48;Edgar Yoel Barcenas;MID;Mazatlán FC;5.8182;105;10
1234;48;Cesar Jair Samudio;GK;CD Marathón;;5;0
1235;48;Jiovany Javier Ramos;DEF;Puerto Cabello CF;11.1583;24;2
1236;48;Carlos Miguel Harvey;DEF;Minnesota United FC;7.7873;29;3
1237;48;Eric Javier Davis;DEF;CD Plaza Amador;4.3309;107;9
1238;48;Andres Alberto Andrade;DEF;LASK Linz;3.2298;51;1
1239;48;Jose Fajardo;FWD;CD Universidad Católica;3.666;70;17
1240;48;Cecilio Alfonso Waterman;FWD;CD Universidad De Concepción;;56;15
1241;48;Alberto Abdiel Quintero;MID;CD Plaza Amador;8.402;141;7
1242;48;Anibal Casis Godoy;MID;San Diego FC;3.7063;160;4
1243;48;Cesar Augusto Yanis;MID;CD Cobresal;9.5472;55;5
1244;48;Orlando Mosquera;GK;Al Fayha FC;0.7;50;0
1245;48;Michael Amir Murillo;DEF;Be ş ikta ş  JK;7.8302;94;9
1246;48;Azarías Emmanuel Londono;FWD;CD Universidad Católica;4.4904;13;1
1247;48;Roderick Alonso Miller;DEF;Turan Tovuz;;49;2
1248;48;Jorge Abdiel Gutierrez;DEF;Deportivo La Guaira;8.0978;18;0
